,degree,video_id,duration,views,age,title,img,topic,subject
0,2,['EGVcmyrrbxU']," 4 minutes, 28 seconds",131 views,6 months ago,1.3 Network Representations and Topologies,https://i.ytimg.com/vi/EGVcmyrrbxU/hq720.jpg?sqp=-oaymwEcCOgCEMoBSFXyq4qpAw4IARUAAIhCGAFwAcABBg==&rs=AOn4CLB9QWp0ZNtl70IZERD4CXyhqx4ujA,"Network Representations, Measures, and Metrics (II)",14.15[J] Networks
0,0,['q65DyK7RJLg']," 9 minutes, 18 seconds",3.5K views,4 years ago,Social and Economic Networks 1.1  Week 1 Introduction,https://i.ytimg.com/vi/q65DyK7RJLg/hqdefault.jpg?sqp=-oaymwEcCOADEI4CSFXyq4qpAw4IARUAAIhCGAFwAcABBg==&rs=AOn4CLDvw6YHemmVHhak1LHbM4YfRciUtQ,"Introduction to Social, Economic, and Technological Networks",14.15[J] Networks
0,1,['EGVcmyrrbxU']," 4 minutes, 28 seconds",131 views,6 months ago,1.3 Network Representations and Topologies,https://i.ytimg.com/vi/EGVcmyrrbxU/hq720.jpg?sqp=-oaymwEcCOgCEMoBSFXyq4qpAw4IARUAAIhCGAFwAcABBg==&rs=AOn4CLB9QWp0ZNtl70IZERD4CXyhqx4ujA,"Network Representations, Measures, and Metrics (I)",14.15[J] Networks
0,0,['Y87G0XABCIs']," 4 minutes, 5 seconds",3.2K views,4 years ago,Social and Economic Networks - Overview,https://i.ytimg.com/vi/Y87G0XABCIs/hqdefault.jpg?sqp=-oaymwEcCOADEI4CSFXyq4qpAw4IARUAAIhCGAFwAcABBg==&rs=AOn4CLAdrVKGXvuZ58Vq1xjueWYw_Y-0Lg,"Introduction to Social, Economic, and Technological Networks",14.15[J] Networks
0,1,['ZNX-a-5jGeM']," 10 minutes, 51 seconds",1M views,2 years ago,Math Antics - Intro to the Metric System,https://i.ytimg.com/vi/ZNX-a-5jGeM/hq720.jpg?sqp=-oaymwEcCOgCEMoBSFXyq4qpAw4IARUAAIhCGAFwAcABBg==&rs=AOn4CLAXd_2QPguQ8TBSjvzTOyYYc0lAgA,"Network Representations, Measures, and Metrics (I)",14.15[J] Networks
0,2,['ZNX-a-5jGeM']," 10 minutes, 51 seconds",1M views,2 years ago,Math Antics - Intro to the Metric System,https://i.ytimg.com/vi/ZNX-a-5jGeM/hq720.jpg?sqp=-oaymwEcCOgCEMoBSFXyq4qpAw4IARUAAIhCGAFwAcABBg==&rs=AOn4CLAXd_2QPguQ8TBSjvzTOyYYc0lAgA,"Network Representations, Measures, and Metrics (II)",14.15[J] Networks
0,0,['jT3LWRmsMD0'], 57 minutes,201 views,1 month ago,Social and Economic Networks: An Idiosyncratic Introduction,https://i.ytimg.com/vi/jT3LWRmsMD0/hq720.jpg?sqp=-oaymwEcCOgCEMoBSFXyq4qpAw4IARUAAIhCGAFwAcABBg==&rs=AOn4CLATpeEpvn385kSaWTiSEvoUK-YLOQ,"Introduction to Social, Economic, and Technological Networks",14.15[J] Networks
0,1,['IR4pk4IkshA']," 3 minutes, 55 seconds",49 views,5 years ago,Modeling neuronal networks for metric representation of space and spatial navigation,https://i.ytimg.com/vi/IR4pk4IkshA/hq720.jpg?sqp=-oaymwEcCOgCEMoBSFXyq4qpAw4IARUAAIhCGAFwAcABBg==&rs=AOn4CLDhbK8K3cnc1cZ5RW6o76pnjWRjdw,"Network Representations, Measures, and Metrics (I)",14.15[J] Networks
0,2,['Q4e1d4MR4II']," 2 minutes, 57 seconds",10K views,9 years ago,Routing Protocol Metrics,https://i.ytimg.com/vi/Q4e1d4MR4II/hq720.jpg?sqp=-oaymwEcCOgCEMoBSFXyq4qpAw4IARUAAIhCGAFwAcABBg==&rs=AOn4CLD8W12haD8WFjIl0nXe900PmI5elA,"Network Representations, Measures, and Metrics (II)",14.15[J] Networks
0,0,['vcDdv-EyTwg']," 1 hour, 3 minutes",1.6K views,6 months ago,Social Network Analysis. Lecture1. Introduction to network analysis,https://i.ytimg.com/vi/vcDdv-EyTwg/hq720.jpg?sqp=-oaymwEcCOgCEMoBSFXyq4qpAw4IARUAAIhCGAFwAcABBg==&rs=AOn4CLBJad0Wa0UWbWQ3WaSFahEXAPw3iw,"Introduction to Social, Economic, and Technological Networks",14.15[J] Networks
0,1,['9ud2egVppUM']," 8 minutes, 32 seconds",2.3K views,1 year ago,"What are Measures, Metrics and KPIs? (Ep. 5: Business Analytics)",https://i.ytimg.com/vi/9ud2egVppUM/hq720.jpg?sqp=-oaymwEcCOgCEMoBSFXyq4qpAw4IARUAAIhCGAFwAcABBg==&rs=AOn4CLD7j0d24Rli8ZwUMAe8W6nPpzSGzQ,"Network Representations, Measures, and Metrics (I)",14.15[J] Networks
0,2,['IR4pk4IkshA']," 3 minutes, 55 seconds",49 views,5 years ago,Modeling neuronal networks for metric representation of space and spatial navigation,https://i.ytimg.com/vi/IR4pk4IkshA/hq720.jpg?sqp=-oaymwEcCOgCEMoBSFXyq4qpAw4IARUAAIhCGAFwAcABBg==&rs=AOn4CLDhbK8K3cnc1cZ5RW6o76pnjWRjdw,"Network Representations, Measures, and Metrics (II)",14.15[J] Networks
0,0,['8UZC-9QZ9jo']," 3 minutes, 19 seconds",298K views,8 years ago,Digital Society (explained),https://i.ytimg.com/vi/8UZC-9QZ9jo/hqdefault.jpg?sqp=-oaymwEcCOADEI4CSFXyq4qpAw4IARUAAIhCGAFwAcABBg==&rs=AOn4CLC6OmazrvGRdCuHSbiwwBPQeOFY0w,"Introduction to Social, Economic, and Technological Networks",14.15[J] Networks
0,1,['S8Yce9Gl6aU']," 1 hour, 43 minutes",916 views,3 years ago,Learning Representations of Large-scale Networks part 1,https://i.ytimg.com/vi/S8Yce9Gl6aU/hq720.jpg?sqp=-oaymwEcCOgCEMoBSFXyq4qpAw4IARUAAIhCGAFwAcABBg==&rs=AOn4CLDg-YbPBRt5eGfetKDMbBj9Km7JIA,"Network Representations, Measures, and Metrics (I)",14.15[J] Networks
0,2,['S8Yce9Gl6aU']," 1 hour, 43 minutes",916 views,3 years ago,Learning Representations of Large-scale Networks part 1,https://i.ytimg.com/vi/S8Yce9Gl6aU/hq720.jpg?sqp=-oaymwEcCOgCEMoBSFXyq4qpAw4IARUAAIhCGAFwAcABBg==&rs=AOn4CLDg-YbPBRt5eGfetKDMbBj9Km7JIA,"Network Representations, Measures, and Metrics (II)",14.15[J] Networks
0,0,['EH6vE97qIP4']," 1 hour, 2 minutes",1.5M views,1 year ago,"1. Introduction for 15.S12 Blockchain and Money, Fall 2018",https://i.ytimg.com/vi/EH6vE97qIP4/hq720.jpg?sqp=-oaymwEcCOgCEMoBSFXyq4qpAw4IARUAAIhCGAFwAcABBg==&rs=AOn4CLAkcPMsP1K_ZLp7aqnIrxzwgeVzBw,"Introduction to Social, Economic, and Technological Networks",14.15[J] Networks
0,1,['YrhBZUtgG4E']," 1 hour, 16 minutes",51K views,1 year ago,Graph Representation Learning (Stanford university),https://i.ytimg.com/vi/YrhBZUtgG4E/hqdefault.jpg?sqp=-oaymwEcCOADEI4CSFXyq4qpAw4IARUAAIhCGAFwAcABBg==&rs=AOn4CLB5HR81QYAnKPbUQROT0uZhziQrsw,"Network Representations, Measures, and Metrics (I)",14.15[J] Networks
0,3,['uvYTGEZQTEs']," 12 minutes, 19 seconds",722K views,11 years ago,Markov Chains - Part 1,https://i.ytimg.com/vi/uvYTGEZQTEs/hqdefault.jpg?sqp=-oaymwEcCOADEI4CSFXyq4qpAw4IARUAAIhCGAFwAcABBg==&rs=AOn4CLBwK35qiDJLeytWiSKd12tEuPfF4A,"Linear Dynamic Systems, Markov Chains, and Centralities (I)",14.15[J] Networks
0,2,['Xy6RcjXMa2c']," 14 minutes, 31 seconds",5.8K views,3 years ago,Network Dissection: Quantifying Interpretability of Deep Visual Representations,https://i.ytimg.com/vi/Xy6RcjXMa2c/hq720.jpg?sqp=-oaymwEcCOgCEMoBSFXyq4qpAw4IARUAAIhCGAFwAcABBg==&rs=AOn4CLBtYpuANO7vuuzdMc8wGvQcfqvUPA,"Network Representations, Measures, and Metrics (II)",14.15[J] Networks
0,0,['awLnur5Yt9o']," 3 hours, 49 minutes",1.4M views,2 years ago,Fundamental of IT - Complete Course || IT course for Beginners,https://i.ytimg.com/vi/awLnur5Yt9o/hq720.jpg?sqp=-oaymwEcCOgCEMoBSFXyq4qpAw4IARUAAIhCGAFwAcABBg==&rs=AOn4CLBDDcJpH7Fnm9jBtMnbrxWSDr1JyA,"Introduction to Social, Economic, and Technological Networks",14.15[J] Networks
0,9,['3PxteAgVf0o'], 17 minutes,10K views,8 years ago,2   2   2A Introduction to random graph models 1658,https://i.ytimg.com/vi/3PxteAgVf0o/hqdefault.jpg?sqp=-oaymwEcCOADEI4CSFXyq4qpAw4IARUAAIhCGAFwAcABBg==&rs=AOn4CLCZaIGqfjTuUW7Pds-uwvPWQ-N9TQ,"Random Graph Models, Branching Processes, Phase Transition, and Connectedness (II)",14.15[J] Networks
0,1,['TBjdvjdS2KM'], 21 minutes,746 views,1 year ago,Similarity of neural network representations revisited,https://i.ytimg.com/vi/TBjdvjdS2KM/hqdefault.jpg?sqp=-oaymwEcCOADEI4CSFXyq4qpAw4IARUAAIhCGAFwAcABBg==&rs=AOn4CLCmnL09E-wmE1lnVsAHycnDRj53Nw,"Network Representations, Measures, and Metrics (I)",14.15[J] Networks
0,3,['i3AkTO9HLXo']," 9 minutes, 24 seconds",82K views,5 months ago,Markov Chains Clearly Explained! Part - 1,https://i.ytimg.com/vi/i3AkTO9HLXo/hq720.jpg?sqp=-oaymwEcCOgCEMoBSFXyq4qpAw4IARUAAIhCGAFwAcABBg==&rs=AOn4CLDzZFdV3drtxG0846UwTH2QuT_NxQ,"Linear Dynamic Systems, Markov Chains, and Centralities (I)",14.15[J] Networks
0,2,['rfaochjengM']," 1 hour, 3 minutes",3 views,3 hours ago,Giant dust particles by C. Ryder | inDust webinar,https://i.ytimg.com/vi/rfaochjengM/hqdefault.jpg?sqp=-oaymwEcCOADEI4CSFXyq4qpAw4IARUAAIhCGAFwAcABBg==&rs=AOn4CLBSP6LARfydr_VIj1WayndnQ9e2KA,"Network Representations, Measures, and Metrics (II)",14.15[J] Networks
0,9,['HtBWmw4d8tg'], 1 hour,2K views,4 years ago,The Phase Transition in Random Graphs: A Simple Proof,https://i.ytimg.com/vi/HtBWmw4d8tg/hqdefault.jpg?sqp=-oaymwEcCOADEI4CSFXyq4qpAw4IARUAAIhCGAFwAcABBg==&rs=AOn4CLBzwbhX7ojPoprXs3LMmsh-Avr4sA,"Random Graph Models, Branching Processes, Phase Transition, and Connectedness (II)",14.15[J] Networks
0,3,['Uz3JIp6EvIg']," 12 minutes, 50 seconds",102K views,5 years ago,Prob &amp; Stats - Markov Chains (1 of 38) What are Markov Chains: An Introduction,https://i.ytimg.com/vi/Uz3JIp6EvIg/hqdefault.jpg?sqp=-oaymwEcCOADEI4CSFXyq4qpAw4IARUAAIhCGAFwAcABBg==&rs=AOn4CLB27aeVejGG3Izh-r8WP04_24J-Og,"Linear Dynamic Systems, Markov Chains, and Centralities (I)",14.15[J] Networks
0,1,['rfaochjengM']," 1 hour, 3 minutes",3 views,3 hours ago,Giant dust particles by C. Ryder | inDust webinar,https://i.ytimg.com/vi/rfaochjengM/hqdefault.jpg?sqp=-oaymwEcCOADEI4CSFXyq4qpAw4IARUAAIhCGAFwAcABBg==&rs=AOn4CLBSP6LARfydr_VIj1WayndnQ9e2KA,"Network Representations, Measures, and Metrics (I)",14.15[J] Networks
0,0,['oib8piucnBE']," 1 hour, 25 minutes",3 views,39 minutes ago,Placing Feminist Economic Justice at the Core of an Equitable Green Future at NGO-CSW 65,https://i.ytimg.com/vi/oib8piucnBE/hqdefault.jpg?sqp=-oaymwEcCOADEI4CSFXyq4qpAw4IARUAAIhCGAFwAcABBg==&rs=AOn4CLDmWndltKGfrSiYmLQ6vRgd2FDUAw,"Introduction to Social, Economic, and Technological Networks",14.15[J] Networks
0,2,['t9yujaCpX_E']," 3 minutes, 18 seconds",3.4K views,3 years ago,metapath2vec: Scalable Representation Learning for Heterogeneous Networks,https://i.ytimg.com/vi/t9yujaCpX_E/hq720.jpg?sqp=-oaymwEcCOgCEMoBSFXyq4qpAw4IARUAAIhCGAFwAcABBg==&rs=AOn4CLCPtmI3FumJYSuHBW__v0KBPuVxcA,"Network Representations, Measures, and Metrics (II)",14.15[J] Networks
0,9,['erMiEFGRsIk']," 1 hour, 29 minutes",8.8K views,9 months ago,Lecture 2  Properties of Networks And Random Graph Models,https://i.ytimg.com/vi/erMiEFGRsIk/hq720.jpg?sqp=-oaymwEcCOgCEMoBSFXyq4qpAw4IARUAAIhCGAFwAcABBg==&rs=AOn4CLA_QoADtQ0qRIygZjadj12fZBtCFg,"Random Graph Models, Branching Processes, Phase Transition, and Connectedness (II)",14.15[J] Networks
0,3,['vbzbwHVOJvE'], 24 minutes,728 views,5 months ago,SFU MATH 232 5.1 Dynamical Systems and Markov Chains,https://i.ytimg.com/vi/vbzbwHVOJvE/hq720.jpg?sqp=-oaymwEcCOgCEMoBSFXyq4qpAw4IARUAAIhCGAFwAcABBg==&rs=AOn4CLAyojcjRw68ELL3aEnODv3oDKsjuA,"Linear Dynamic Systems, Markov Chains, and Centralities (I)",14.15[J] Networks
0,1,['kp_Ux7Zn-Ns']," 8 minutes, 27 seconds",22K views,6 months ago,Top 7 Customer Success Metrics You Should Measure,https://i.ytimg.com/vi/kp_Ux7Zn-Ns/hq720.jpg?sqp=-oaymwEcCOgCEMoBSFXyq4qpAw4IARUAAIhCGAFwAcABBg==&rs=AOn4CLDrNYpUEm9a_5f7F1qkgfFhCSpS-A,"Network Representations, Measures, and Metrics (I)",14.15[J] Networks
0,0,['qFcuovfgPTc']," 5 minutes, 50 seconds",34K views,5 years ago,Network Theory Overview,https://i.ytimg.com/vi/qFcuovfgPTc/hqdefault.jpg?sqp=-oaymwEcCOADEI4CSFXyq4qpAw4IARUAAIhCGAFwAcABBg==&rs=AOn4CLBXvi5JJCEMDMIEzs8yNe1z9fjxKw,"Introduction to Social, Economic, and Technological Networks",14.15[J] Networks
0,2,['td05a31295k'], 2 hours,1.3K views,Streamed 6 days ago,"By the Numbers: How Diversity Data Can Measure Commitment to Diversity, Equity... (EventID=111356)",https://i.ytimg.com/vi/td05a31295k/hq720.jpg?sqp=-oaymwEcCOgCEMoBSFXyq4qpAw4IARUAAIhCGAFwAcABBg==&rs=AOn4CLDUoe1PNqY3PboFjwaVcAeBI1GqeQ,"Network Representations, Measures, and Metrics (II)",14.15[J] Networks
0,9,['mpe44sTSoF8']," 4 minutes, 52 seconds",14K views,9 years ago,"The evolution of the G(n,p) random graph",https://i.ytimg.com/vi/mpe44sTSoF8/hq720.jpg?sqp=-oaymwEcCOgCEMoBSFXyq4qpAw4IARUAAIhCGAFwAcABBg==&rs=AOn4CLBKGVzOcVfdbD-gA-l_K12Ujzg6-Q,"Random Graph Models, Branching Processes, Phase Transition, and Connectedness (II)",14.15[J] Networks
0,3,['CIeqNFnzZSY']," 10 minutes, 19 seconds",1.4K views,6 months ago,Transition Matrices &amp; Markov Chains [IB Math AI HL],https://i.ytimg.com/vi/CIeqNFnzZSY/hq720.jpg?sqp=-oaymwEcCOgCEMoBSFXyq4qpAw4IARUAAIhCGAFwAcABBg==&rs=AOn4CLBNW0CbGjYMXA-dW_KpcVocO0NpJg,"Linear Dynamic Systems, Markov Chains, and Centralities (I)",14.15[J] Networks
0,1,['8XbHyCAXbtI'], 34 minutes,2.6K views,4 years ago,Node Representation in Mining Heterogeneous Information Networks,https://i.ytimg.com/vi/8XbHyCAXbtI/hq720.jpg?sqp=-oaymwEcCOgCEMoBSFXyq4qpAw4IARUAAIhCGAFwAcABBg==&rs=AOn4CLDSwJLcTgiPalfS0hvyGWctakQLyg,"Network Representations, Measures, and Metrics (I)",14.15[J] Networks
0,0,['MH_jQHhWJu8']," 1 hour, 5 minutes",550 views,10 months ago,Matthew Jackson on Social &amp; Economic Networks,https://i.ytimg.com/vi/MH_jQHhWJu8/hq720.jpg?sqp=-oaymwEcCOgCEMoBSFXyq4qpAw4IARUAAIhCGAFwAcABBg==&rs=AOn4CLB96Do0YIu97th98nPgdf0m7VWp7g,"Introduction to Social, Economic, and Technological Networks",14.15[J] Networks
0,2,['YrhBZUtgG4E']," 1 hour, 16 minutes",51K views,1 year ago,Graph Representation Learning (Stanford university),https://i.ytimg.com/vi/YrhBZUtgG4E/hqdefault.jpg?sqp=-oaymwEcCOADEI4CSFXyq4qpAw4IARUAAIhCGAFwAcABBg==&rs=AOn4CLB5HR81QYAnKPbUQROT0uZhziQrsw,"Network Representations, Measures, and Metrics (II)",14.15[J] Networks
0,9,['dW9CKOpHrME']," 1 hour, 8 minutes",7 views,1 week ago,Gaultier Lambert -- Applications of the theory of Gaussian multiplicative chaos to random matrices,https://i.ytimg.com/vi/dW9CKOpHrME/hqdefault.jpg?sqp=-oaymwEcCOADEI4CSFXyq4qpAw4IARUAAIhCGAFwAcABBg==&rs=AOn4CLAnXaw_X5w6uhrqywDpNCdc4oVtaA,"Random Graph Models, Branching Processes, Phase Transition, and Connectedness (II)",14.15[J] Networks
0,1,['VdC4c74Hjcg'], 37 minutes,3 views,14 hours ago,Data-Driven Tools for Decision Makers in City Planning. Network seminar citylab. Talia Kaufmann,https://i.ytimg.com/vi/VdC4c74Hjcg/hq720.jpg?sqp=-oaymwEcCOgCEMoBSFXyq4qpAw4IARUAAIhCGAFwAcABBg==&rs=AOn4CLDGZ29ZcHaPCa5p_LwyuFJHhODghg,"Network Representations, Measures, and Metrics (I)",14.15[J] Networks
0,0,['3QhU9jd03a0']," 12 minutes, 20 seconds",741K views,3 years ago,Computer Networks: Crash Course Computer Science #28,https://i.ytimg.com/vi/3QhU9jd03a0/hq720.jpg?sqp=-oaymwEcCOgCEMoBSFXyq4qpAw4IARUAAIhCGAFwAcABBg==&rs=AOn4CLAkZVaTACKDrR2Zh7fcXYNaisUG9w,"Introduction to Social, Economic, and Technological Networks",14.15[J] Networks
0,3,['bf1264iFr-w']," 1 hour, 16 minutes",206K views,12 years ago,Lecture 1 | Introduction to Linear Dynamical Systems,https://i.ytimg.com/vi/bf1264iFr-w/hqdefault.jpg?sqp=-oaymwEcCOADEI4CSFXyq4qpAw4IARUAAIhCGAFwAcABBg==&rs=AOn4CLCfJNKK6dy1K1-7xTuisnXZA3r2PQ,"Linear Dynamic Systems, Markov Chains, and Centralities (I)",14.15[J] Networks
0,2,['IFdtkPRkHr0']," 1 hour, 7 minutes",151 views,3 years ago,Learning Representations of Large-scale Networks part 2,https://i.ytimg.com/vi/IFdtkPRkHr0/hq720.jpg?sqp=-oaymwEcCOgCEMoBSFXyq4qpAw4IARUAAIhCGAFwAcABBg==&rs=AOn4CLDHMgOi4rZZn-ABFnZIWWD4qMVqmg,"Network Representations, Measures, and Metrics (II)",14.15[J] Networks
0,9,['XwVZ5VttrW0']," 14 minutes, 51 seconds",11K views,2 years ago,Class 09: Erdos-Renyi Random Graph,https://i.ytimg.com/vi/XwVZ5VttrW0/hq720.jpg?sqp=-oaymwEcCOgCEMoBSFXyq4qpAw4IARUAAIhCGAFwAcABBg==&rs=AOn4CLCtRgKsS6EK4yHh-qio7XHFZgPMHw,"Random Graph Models, Branching Processes, Phase Transition, and Connectedness (II)",14.15[J] Networks
0,1,['e5i8j4KUbeQ'], 31 minutes,431 views,9 months ago,"[CLVision @ CVPR2020] Invited Talk ""Measuring Representation Similarities..."" by Gemma Roig",https://i.ytimg.com/vi/e5i8j4KUbeQ/hq720.jpg?sqp=-oaymwEcCOgCEMoBSFXyq4qpAw4IARUAAIhCGAFwAcABBg==&rs=AOn4CLDz8SZRnNRorEKd0JzyYUJTERxUMw,"Network Representations, Measures, and Metrics (I)",14.15[J] Networks
0,0,['1DKZPxWdngc'], 17 minutes,3.9K views,1 year ago,Networked Economy Explained,https://i.ytimg.com/vi/1DKZPxWdngc/hq720.jpg?sqp=-oaymwEcCOgCEMoBSFXyq4qpAw4IARUAAIhCGAFwAcABBg==&rs=AOn4CLAoZm9mc5IVjZI72l9yQiigdm-6Bw,"Introduction to Social, Economic, and Technological Networks",14.15[J] Networks
0,9,['OdMRFvK7-9I'], 52 minutes,88 views,3 months ago,Lecture 23: Emergence of giant component in Erdos-Renyi random graphs,https://i.ytimg.com/vi/OdMRFvK7-9I/hq720.jpg?sqp=-oaymwEcCOgCEMoBSFXyq4qpAw4IARUAAIhCGAFwAcABBg==&rs=AOn4CLBqnOHvLnqTMk7n98EdzYVbJf7fWg,"Random Graph Models, Branching Processes, Phase Transition, and Connectedness (II)",14.15[J] Networks
0,3,['nnssRe5DewE']," 11 minutes, 49 seconds",146K views,9 years ago,"Markov Matrices | MIT 18.06SC Linear Algebra, Fall 2011",https://i.ytimg.com/vi/nnssRe5DewE/hqdefault.jpg?sqp=-oaymwEcCOADEI4CSFXyq4qpAw4IARUAAIhCGAFwAcABBg==&rs=AOn4CLDc5DzG8ZhaA_rxPXbYJuVpNU8ObQ,"Linear Dynamic Systems, Markov Chains, and Centralities (I)",14.15[J] Networks
0,9,['eKEY1Y_mckk']," 1 hour, 24 minutes",271 views,3 months ago,Inference on Random Factor Graphs,https://i.ytimg.com/vi/eKEY1Y_mckk/hq720.jpg?sqp=-oaymwEcCOgCEMoBSFXyq4qpAw4IARUAAIhCGAFwAcABBg==&rs=AOn4CLCbjQNk3t40cC8eC_lNxNOP5b4sGw,"Random Graph Models, Branching Processes, Phase Transition, and Connectedness (II)",14.15[J] Networks
0,3,['2opZNNZEv00']," 7 minutes, 59 seconds",799 views,2 years ago,4.9 Dynamical Systems and Markov Chains Part 1,https://i.ytimg.com/vi/2opZNNZEv00/hqdefault.jpg?sqp=-oaymwEcCOADEI4CSFXyq4qpAw4IARUAAIhCGAFwAcABBg==&rs=AOn4CLDC90ktB9jwSiHldg12a1MO9nBYIg,"Linear Dynamic Systems, Markov Chains, and Centralities (I)",14.15[J] Networks
0,3,['1GKtfgwf3ig']," 6 minutes, 54 seconds",11K views,6 months ago,Markov Chains &amp; Transition Matrices,https://i.ytimg.com/vi/1GKtfgwf3ig/hq720.jpg?sqp=-oaymwEcCOgCEMoBSFXyq4qpAw4IARUAAIhCGAFwAcABBg==&rs=AOn4CLB53ShPJ6q0OSZYEDvevoePv4cmHg,"Linear Dynamic Systems, Markov Chains, and Centralities (I)",14.15[J] Networks
0,4,['uvYTGEZQTEs']," 12 minutes, 19 seconds",722K views,11 years ago,Markov Chains - Part 1,https://i.ytimg.com/vi/uvYTGEZQTEs/hqdefault.jpg?sqp=-oaymwEcCOADEI4CSFXyq4qpAw4IARUAAIhCGAFwAcABBg==&rs=AOn4CLBwK35qiDJLeytWiSKd12tEuPfF4A,"Linear Dynamic Systems, Markov Chains, and Centralities (II)",14.15[J] Networks
0,9,['q3LVw3UlaUc'], 32 minutes,386 views,3 years ago,Applications of Tail Bounds - Random Graphs,https://i.ytimg.com/vi/q3LVw3UlaUc/hq720.jpg?sqp=-oaymwEcCOgCEMoBSFXyq4qpAw4IARUAAIhCGAFwAcABBg==&rs=AOn4CLBcqSS4RUIf2jmrnVDTvlwbJHBXmg,"Random Graph Models, Branching Processes, Phase Transition, and Connectedness (II)",14.15[J] Networks
0,3,['pMGygUPW_fE']," 1 hour, 5 minutes",84K views,12 years ago,Lecture 2 | Introduction to Linear Dynamical Systems,https://i.ytimg.com/vi/pMGygUPW_fE/hqdefault.jpg?sqp=-oaymwEcCOADEI4CSFXyq4qpAw4IARUAAIhCGAFwAcABBg==&rs=AOn4CLBJte2ESuEUWxGuURoi4ygFSMPkmA,"Linear Dynamic Systems, Markov Chains, and Centralities (I)",14.15[J] Networks
0,9,['2fFH5kEqo9A'], 36 minutes,178 views,1 year ago,The Contact Process on Random Graphs,https://i.ytimg.com/vi/2fFH5kEqo9A/hq720.jpg?sqp=-oaymwEcCOgCEMoBSFXyq4qpAw4IARUAAIhCGAFwAcABBg==&rs=AOn4CLB1jlXK94-RTNz2Fxn3DjyN3ZsDCA,"Random Graph Models, Branching Processes, Phase Transition, and Connectedness (II)",14.15[J] Networks
0,11,['5WoItGTWV54']," 1 hour, 17 minutes",320K views,3 years ago,Lecture 13 | Generative Models,https://i.ytimg.com/vi/5WoItGTWV54/hq720.jpg?sqp=-oaymwEcCOgCEMoBSFXyq4qpAw4IARUAAIhCGAFwAcABBg==&rs=AOn4CLAhYgOYcpNddl-fK-G1JZw3EwdZsQ,Generative Network Models,14.15[J] Networks
0,4,['i3AkTO9HLXo']," 9 minutes, 24 seconds",82K views,5 months ago,Markov Chains Clearly Explained! Part - 1,https://i.ytimg.com/vi/i3AkTO9HLXo/hq720.jpg?sqp=-oaymwEcCOgCEMoBSFXyq4qpAw4IARUAAIhCGAFwAcABBg==&rs=AOn4CLDzZFdV3drtxG0846UwTH2QuT_NxQ,"Linear Dynamic Systems, Markov Chains, and Centralities (II)",14.15[J] Networks
0,3,['OEkR05PiAt0']," 1 hour, 9 minutes",17K views,12 years ago,Lecture 15 | Introduction to Linear Dynamical Systems,https://i.ytimg.com/vi/OEkR05PiAt0/hqdefault.jpg?sqp=-oaymwEcCOADEI4CSFXyq4qpAw4IARUAAIhCGAFwAcABBg==&rs=AOn4CLCk84EDZG3oRncwSFZ4B01ExI5MoA,"Linear Dynamic Systems, Markov Chains, and Centralities (I)",14.15[J] Networks
0,9,['Pf-5FbH-x74']," 1 hour, 10 minutes",4.8K views,5 years ago,Network Analysis. Lecture12. Epidemics,https://i.ytimg.com/vi/Pf-5FbH-x74/hq720.jpg?sqp=-oaymwEcCOgCEMoBSFXyq4qpAw4IARUAAIhCGAFwAcABBg==&rs=AOn4CLDhPmAHo_sOiPvNo580RiJG-GtuqQ,"Random Graph Models, Branching Processes, Phase Transition, and Connectedness (II)",14.15[J] Networks
0,5,['uvYTGEZQTEs']," 12 minutes, 19 seconds",722K views,11 years ago,Markov Chains - Part 1,https://i.ytimg.com/vi/uvYTGEZQTEs/hqdefault.jpg?sqp=-oaymwEcCOADEI4CSFXyq4qpAw4IARUAAIhCGAFwAcABBg==&rs=AOn4CLBwK35qiDJLeytWiSKd12tEuPfF4A,"Linear Dynamic Systems, Markov Chains, and Centralities (III)",14.15[J] Networks
0,4,['vbzbwHVOJvE'], 24 minutes,728 views,5 months ago,SFU MATH 232 5.1 Dynamical Systems and Markov Chains,https://i.ytimg.com/vi/vbzbwHVOJvE/hq720.jpg?sqp=-oaymwEcCOgCEMoBSFXyq4qpAw4IARUAAIhCGAFwAcABBg==&rs=AOn4CLAyojcjRw68ELL3aEnODv3oDKsjuA,"Linear Dynamic Systems, Markov Chains, and Centralities (II)",14.15[J] Networks
0,11,['rZufA635dq4'], 40 minutes,134K views,1 year ago,MIT 6.S191 (2020): Deep Generative Modeling,https://i.ytimg.com/vi/rZufA635dq4/hq720.jpg?sqp=-oaymwEcCOgCEMoBSFXyq4qpAw4IARUAAIhCGAFwAcABBg==&rs=AOn4CLA1dFFOleGBjCJbZCHHPKghR5Dqlg,Generative Network Models,14.15[J] Networks
0,3,['poqECw02bj8'],"nfly Statistics 10 months ago 7 minutes, 36 seconds",553 views,10 months ago,Markov chains with R - Deriving the steady state equilibrium vector with linear algebra functions.,https://i.ytimg.com/vi/poqECw02bj8/hqdefault.jpg?sqp=-oaymwEcCOADEI4CSFXyq4qpAw4IARUAAIhCGAFwAcABBg==&rs=AOn4CLBN79u4JqNMDFZVONwyZTQGhuXUoA,"Linear Dynamic Systems, Markov Chains, and Centralities (I)",14.15[J] Networks
0,9,['ZAtYbC9E6qM']," 2 minutes, 4 seconds",4.2K views,8 years ago,Randomly Generated Graphs - Intro to Algorithms,https://i.ytimg.com/vi/ZAtYbC9E6qM/hq720.jpg?sqp=-oaymwEcCOgCEMoBSFXyq4qpAw4IARUAAIhCGAFwAcABBg==&rs=AOn4CLA5dwl4Z7ORj2Z5U8qYwNfpdziKiQ,"Random Graph Models, Branching Processes, Phase Transition, and Connectedness (II)",14.15[J] Networks
0,5,['i3AkTO9HLXo']," 9 minutes, 24 seconds",82K views,5 months ago,Markov Chains Clearly Explained! Part - 1,https://i.ytimg.com/vi/i3AkTO9HLXo/hq720.jpg?sqp=-oaymwEcCOgCEMoBSFXyq4qpAw4IARUAAIhCGAFwAcABBg==&rs=AOn4CLDzZFdV3drtxG0846UwTH2QuT_NxQ,"Linear Dynamic Systems, Markov Chains, and Centralities (III)",14.15[J] Networks
0,10,['3PxteAgVf0o'], 17 minutes,10K views,8 years ago,2   2   2A Introduction to random graph models 1658,https://i.ytimg.com/vi/3PxteAgVf0o/hqdefault.jpg?sqp=-oaymwEcCOADEI4CSFXyq4qpAw4IARUAAIhCGAFwAcABBg==&rs=AOn4CLCZaIGqfjTuUW7Pds-uwvPWQ-N9TQ,"Random Graph Models, Branching Processes, Phase Transition, and Connectedness (III)",14.15[J] Networks
0,11,['8L11aMN5KY8'], 21 minutes,53K views,10 months ago,A Friendly Introduction to Generative Adversarial Networks (GANs),https://i.ytimg.com/vi/8L11aMN5KY8/hq720.jpg?sqp=-oaymwEcCOgCEMoBSFXyq4qpAw4IARUAAIhCGAFwAcABBg==&rs=AOn4CLDdaZiD-5XibPdyf391CqgNoIYAtQ,Generative Network Models,14.15[J] Networks
0,4,['2opZNNZEv00']," 7 minutes, 59 seconds",799 views,2 years ago,4.9 Dynamical Systems and Markov Chains Part 1,https://i.ytimg.com/vi/2opZNNZEv00/hqdefault.jpg?sqp=-oaymwEcCOADEI4CSFXyq4qpAw4IARUAAIhCGAFwAcABBg==&rs=AOn4CLDC90ktB9jwSiHldg12a1MO9nBYIg,"Linear Dynamic Systems, Markov Chains, and Centralities (II)",14.15[J] Networks
0,5,['vbzbwHVOJvE'], 24 minutes,728 views,5 months ago,SFU MATH 232 5.1 Dynamical Systems and Markov Chains,https://i.ytimg.com/vi/vbzbwHVOJvE/hq720.jpg?sqp=-oaymwEcCOgCEMoBSFXyq4qpAw4IARUAAIhCGAFwAcABBg==&rs=AOn4CLAyojcjRw68ELL3aEnODv3oDKsjuA,"Linear Dynamic Systems, Markov Chains, and Centralities (III)",14.15[J] Networks
0,10,['HtBWmw4d8tg'], 1 hour,2K views,4 years ago,The Phase Transition in Random Graphs: A Simple Proof,https://i.ytimg.com/vi/HtBWmw4d8tg/hqdefault.jpg?sqp=-oaymwEcCOADEI4CSFXyq4qpAw4IARUAAIhCGAFwAcABBg==&rs=AOn4CLBzwbhX7ojPoprXs3LMmsh-Avr4sA,"Random Graph Models, Branching Processes, Phase Transition, and Connectedness (III)",14.15[J] Networks
0,11,['BUNl0To1IVw']," 1 hour, 1 minute",22K views,3 weeks ago,MIT 6.S191: Deep Generative Modeling,https://i.ytimg.com/vi/BUNl0To1IVw/hq720.jpg?sqp=-oaymwEcCOgCEMoBSFXyq4qpAw4IARUAAIhCGAFwAcABBg==&rs=AOn4CLCH1Dc14aoSSGcdJGMdQjuG44skVg,Generative Network Models,14.15[J] Networks
0,4,['Uz3JIp6EvIg']," 12 minutes, 50 seconds",102K views,5 years ago,Prob &amp; Stats - Markov Chains (1 of 38) What are Markov Chains: An Introduction,https://i.ytimg.com/vi/Uz3JIp6EvIg/hqdefault.jpg?sqp=-oaymwEcCOADEI4CSFXyq4qpAw4IARUAAIhCGAFwAcABBg==&rs=AOn4CLB27aeVejGG3Izh-r8WP04_24J-Og,"Linear Dynamic Systems, Markov Chains, and Centralities (II)",14.15[J] Networks
0,5,['1GKtfgwf3ig']," 6 minutes, 54 seconds",11K views,6 months ago,Markov Chains &amp; Transition Matrices,https://i.ytimg.com/vi/1GKtfgwf3ig/hq720.jpg?sqp=-oaymwEcCOgCEMoBSFXyq4qpAw4IARUAAIhCGAFwAcABBg==&rs=AOn4CLB53ShPJ6q0OSZYEDvevoePv4cmHg,"Linear Dynamic Systems, Markov Chains, and Centralities (III)",14.15[J] Networks
0,10,['erMiEFGRsIk']," 1 hour, 29 minutes",8.8K views,9 months ago,Lecture 2  Properties of Networks And Random Graph Models,https://i.ytimg.com/vi/erMiEFGRsIk/hq720.jpg?sqp=-oaymwEcCOgCEMoBSFXyq4qpAw4IARUAAIhCGAFwAcABBg==&rs=AOn4CLA_QoADtQ0qRIygZjadj12fZBtCFg,"Random Graph Models, Branching Processes, Phase Transition, and Connectedness (III)",14.15[J] Networks
0,11,['5g1eXmQtl0E']," 14 minutes, 13 seconds",52K views,1 year ago,What Are GANs? | Generative Adversarial Networks Explained | Deep Learning With Python | Edureka,https://i.ytimg.com/vi/5g1eXmQtl0E/hq720.jpg?sqp=-oaymwEcCOgCEMoBSFXyq4qpAw4IARUAAIhCGAFwAcABBg==&rs=AOn4CLAj3EpPe3TufUCV27YiHzQGR320Xw,Generative Network Models,14.15[J] Networks
0,4,['ZulMqrvP-Pk'], 51 minutes,82K views,8 years ago,17. Markov Chains II,https://i.ytimg.com/vi/ZulMqrvP-Pk/hqdefault.jpg?sqp=-oaymwEcCOADEI4CSFXyq4qpAw4IARUAAIhCGAFwAcABBg==&rs=AOn4CLAYyvbjTqDhvb6j9UsAtEEY28s0uQ,"Linear Dynamic Systems, Markov Chains, and Centralities (II)",14.15[J] Networks
0,8,['3PxteAgVf0o'], 17 minutes,10K views,8 years ago,2   2   2A Introduction to random graph models 1658,https://i.ytimg.com/vi/3PxteAgVf0o/hqdefault.jpg?sqp=-oaymwEcCOADEI4CSFXyq4qpAw4IARUAAIhCGAFwAcABBg==&rs=AOn4CLCZaIGqfjTuUW7Pds-uwvPWQ-N9TQ,"Random Graph Models, Branching Processes, Phase Transition, and Connectedness (I)",14.15[J] Networks
0,10,['XwVZ5VttrW0']," 14 minutes, 51 seconds",11K views,2 years ago,Class 09: Erdos-Renyi Random Graph,https://i.ytimg.com/vi/XwVZ5VttrW0/hq720.jpg?sqp=-oaymwEcCOgCEMoBSFXyq4qpAw4IARUAAIhCGAFwAcABBg==&rs=AOn4CLCtRgKsS6EK4yHh-qio7XHFZgPMHw,"Random Graph Models, Branching Processes, Phase Transition, and Connectedness (III)",14.15[J] Networks
0,5,['Uz3JIp6EvIg']," 12 minutes, 50 seconds",102K views,5 years ago,Prob &amp; Stats - Markov Chains (1 of 38) What are Markov Chains: An Introduction,https://i.ytimg.com/vi/Uz3JIp6EvIg/hqdefault.jpg?sqp=-oaymwEcCOADEI4CSFXyq4qpAw4IARUAAIhCGAFwAcABBg==&rs=AOn4CLB27aeVejGG3Izh-r8WP04_24J-Og,"Linear Dynamic Systems, Markov Chains, and Centralities (III)",14.15[J] Networks
0,7,['cxTmmasBiC8'], 34 minutes,31K views,1 year ago,35. Finding Clusters in Graphs,https://i.ytimg.com/vi/cxTmmasBiC8/hq720.jpg?sqp=-oaymwEcCOgCEMoBSFXyq4qpAw4IARUAAIhCGAFwAcABBg==&rs=AOn4CLC9-PVToD03XRH0Ez-jqg7nvDdW9g,"Graph Decomposition, Clustering, and Connectivity",14.15[J] Networks
0,4,['1GKtfgwf3ig']," 6 minutes, 54 seconds",11K views,6 months ago,Markov Chains &amp; Transition Matrices,https://i.ytimg.com/vi/1GKtfgwf3ig/hq720.jpg?sqp=-oaymwEcCOgCEMoBSFXyq4qpAw4IARUAAIhCGAFwAcABBg==&rs=AOn4CLB53ShPJ6q0OSZYEDvevoePv4cmHg,"Linear Dynamic Systems, Markov Chains, and Centralities (II)",14.15[J] Networks
0,5,['2opZNNZEv00']," 7 minutes, 59 seconds",799 views,2 years ago,4.9 Dynamical Systems and Markov Chains Part 1,https://i.ytimg.com/vi/2opZNNZEv00/hqdefault.jpg?sqp=-oaymwEcCOADEI4CSFXyq4qpAw4IARUAAIhCGAFwAcABBg==&rs=AOn4CLDC90ktB9jwSiHldg12a1MO9nBYIg,"Linear Dynamic Systems, Markov Chains, and Centralities (III)",14.15[J] Networks
0,8,['HtBWmw4d8tg'], 1 hour,2K views,4 years ago,The Phase Transition in Random Graphs: A Simple Proof,https://i.ytimg.com/vi/HtBWmw4d8tg/hqdefault.jpg?sqp=-oaymwEcCOADEI4CSFXyq4qpAw4IARUAAIhCGAFwAcABBg==&rs=AOn4CLBzwbhX7ojPoprXs3LMmsh-Avr4sA,"Random Graph Models, Branching Processes, Phase Transition, and Connectedness (I)",14.15[J] Networks
0,10,['mpe44sTSoF8']," 4 minutes, 52 seconds",14K views,9 years ago,"The evolution of the G(n,p) random graph",https://i.ytimg.com/vi/mpe44sTSoF8/hq720.jpg?sqp=-oaymwEcCOgCEMoBSFXyq4qpAw4IARUAAIhCGAFwAcABBg==&rs=AOn4CLBKGVzOcVfdbD-gA-l_K12Ujzg6-Q,"Random Graph Models, Branching Processes, Phase Transition, and Connectedness (III)",14.15[J] Networks
0,4,['pMGygUPW_fE']," 1 hour, 5 minutes",84K views,12 years ago,Lecture 2 | Introduction to Linear Dynamical Systems,https://i.ytimg.com/vi/pMGygUPW_fE/hqdefault.jpg?sqp=-oaymwEcCOADEI4CSFXyq4qpAw4IARUAAIhCGAFwAcABBg==&rs=AOn4CLBJte2ESuEUWxGuURoi4ygFSMPkmA,"Linear Dynamic Systems, Markov Chains, and Centralities (II)",14.15[J] Networks
0,7,['-Afa1WI3iug']," 1 hour, 11 minutes",22K views,3 years ago,"Graph Clustering Algorithms (September 28, 2017)",https://i.ytimg.com/vi/-Afa1WI3iug/hq720.jpg?sqp=-oaymwEcCOgCEMoBSFXyq4qpAw4IARUAAIhCGAFwAcABBg==&rs=AOn4CLCW4HSaiAjw1B4_4toCV-597TdObw,"Graph Decomposition, Clustering, and Connectivity",14.15[J] Networks
0,5,['nnssRe5DewE']," 11 minutes, 49 seconds",146K views,9 years ago,"Markov Matrices | MIT 18.06SC Linear Algebra, Fall 2011",,"Linear Dynamic Systems, Markov Chains, and Centralities (III)",14.15[J] Networks
0,8,['erMiEFGRsIk']," 1 hour, 29 minutes",8.8K views,9 months ago,Lecture 2  Properties of Networks And Random Graph Models,https://i.ytimg.com/vi/erMiEFGRsIk/hq720.jpg?sqp=-oaymwEcCOgCEMoBSFXyq4qpAw4IARUAAIhCGAFwAcABBg==&rs=AOn4CLA_QoADtQ0qRIygZjadj12fZBtCFg,"Random Graph Models, Branching Processes, Phase Transition, and Connectedness (I)",14.15[J] Networks
0,11,['yFBFl1cLYx8'], 43 minutes,53K views,2 years ago,MIT 6.S191 (2019): Deep Generative Modeling,https://i.ytimg.com/vi/yFBFl1cLYx8/hq720.jpg?sqp=-oaymwEcCOgCEMoBSFXyq4qpAw4IARUAAIhCGAFwAcABBg==&rs=AOn4CLCHTPmd2nEqnwPyheeNeE2Osb_GJw,Generative Network Models,14.15[J] Networks
0,4,['kASvBh-eV2M']," 9 minutes, 3 seconds",352 views,2 years ago,4.9 Dynamical Systems and Markov Chains Part 2,https://i.ytimg.com/vi/kASvBh-eV2M/hqdefault.jpg?sqp=-oaymwEcCOADEI4CSFXyq4qpAw4IARUAAIhCGAFwAcABBg==&rs=AOn4CLCzuCkzJnDe62pu_6rZKpuONV6VFQ,"Linear Dynamic Systems, Markov Chains, and Centralities (II)",14.15[J] Networks
0,10,['OfDH7x4LR2Y'], 27 minutes,137 views,3 months ago,Lecture 26: Extinction probability of branching processes,https://i.ytimg.com/vi/OfDH7x4LR2Y/hq720.jpg?sqp=-oaymwEcCOgCEMoBSFXyq4qpAw4IARUAAIhCGAFwAcABBg==&rs=AOn4CLBxM-frAvbAs7tyk2fwQeJSvaKh2w,"Random Graph Models, Branching Processes, Phase Transition, and Connectedness (III)",14.15[J] Networks
0,5,['zktGDBG03Xs'], 19 minutes,3K views,5 years ago,Linear Algebra - Markov Chains,,"Linear Dynamic Systems, Markov Chains, and Centralities (III)",14.15[J] Networks
0,7,['K2WF4pT5pFY']," 3 minutes, 41 seconds",74K views,6 years ago,05 Clustering Coefficient,https://i.ytimg.com/vi/K2WF4pT5pFY/hqdefault.jpg?sqp=-oaymwEcCOADEI4CSFXyq4qpAw4IARUAAIhCGAFwAcABBg==&rs=AOn4CLAyN4gRdD6SNhA1CWd2-53Zq-ziow,"Graph Decomposition, Clustering, and Connectivity",14.15[J] Networks
0,6,['FJQl0ujTAGw'], 16 minutes,3.5K views,2 years ago,Deep Learning Frameworks: Computation Graphs,https://i.ytimg.com/vi/FJQl0ujTAGw/hq720.jpg?sqp=-oaymwEcCOgCEMoBSFXyq4qpAw4IARUAAIhCGAFwAcABBg==&rs=AOn4CLDpXpnp37eBhwUPcW84YwE6Ecr8SQ,Dynamics Over Graph: Information Spread and Distributed Computation,14.15[J] Networks
0,8,['mpe44sTSoF8']," 4 minutes, 52 seconds",14K views,9 years ago,"The evolution of the G(n,p) random graph",https://i.ytimg.com/vi/mpe44sTSoF8/hq720.jpg?sqp=-oaymwEcCOgCEMoBSFXyq4qpAw4IARUAAIhCGAFwAcABBg==&rs=AOn4CLBKGVzOcVfdbD-gA-l_K12Ujzg6-Q,"Random Graph Models, Branching Processes, Phase Transition, and Connectedness (I)",14.15[J] Networks
0,10,['ZAtYbC9E6qM']," 2 minutes, 4 seconds",4.2K views,8 years ago,Randomly Generated Graphs - Intro to Algorithms,https://i.ytimg.com/vi/ZAtYbC9E6qM/hq720.jpg?sqp=-oaymwEcCOgCEMoBSFXyq4qpAw4IARUAAIhCGAFwAcABBg==&rs=AOn4CLA5dwl4Z7ORj2Z5U8qYwNfpdziKiQ,"Random Graph Models, Branching Processes, Phase Transition, and Connectedness (III)",14.15[J] Networks
0,4,['CIeqNFnzZSY']," 10 minutes, 19 seconds",1.4K views,6 months ago,Transition Matrices &amp; Markov Chains [IB Math AI HL],https://i.ytimg.com/vi/CIeqNFnzZSY/hq720.jpg?sqp=-oaymwEcCOgCEMoBSFXyq4qpAw4IARUAAIhCGAFwAcABBg==&rs=AOn4CLBNW0CbGjYMXA-dW_KpcVocO0NpJg,"Linear Dynamic Systems, Markov Chains, and Centralities (II)",14.15[J] Networks
0,11,['FZBFV7xfGaY']," 12 minutes, 29 seconds",21K views,1 year ago,Generative Modeling Applications,https://i.ytimg.com/vi/FZBFV7xfGaY/hq720.jpg?sqp=-oaymwEcCOgCEMoBSFXyq4qpAw4IARUAAIhCGAFwAcABBg==&rs=AOn4CLCyhnZNgsS05GD7FPlf01leGrPUyA,Generative Network Models,14.15[J] Networks
0,5,['HIMxdWDLEK8'], 51 minutes,61K views,8 years ago,18. Markov Chains III,,"Linear Dynamic Systems, Markov Chains, and Centralities (III)",14.15[J] Networks
0,7,['uxsDKhZHDcc']," 7 minutes, 18 seconds",36K views,4 years ago,Lecture 34 — Spectral Clustering  Three Steps (Advanced) | Stanford University,https://i.ytimg.com/vi/uxsDKhZHDcc/hqdefault.jpg?sqp=-oaymwEcCOADEI4CSFXyq4qpAw4IARUAAIhCGAFwAcABBg==&rs=AOn4CLCklHn88LOtpyTdLhTx8avZxGxTkw,"Graph Decomposition, Clustering, and Connectivity",14.15[J] Networks
0,8,['XwVZ5VttrW0']," 14 minutes, 51 seconds",11K views,2 years ago,Class 09: Erdos-Renyi Random Graph,https://i.ytimg.com/vi/XwVZ5VttrW0/hq720.jpg?sqp=-oaymwEcCOgCEMoBSFXyq4qpAw4IARUAAIhCGAFwAcABBg==&rs=AOn4CLCtRgKsS6EK4yHh-qio7XHFZgPMHw,"Random Graph Models, Branching Processes, Phase Transition, and Connectedness (I)",14.15[J] Networks
0,10,['SHIovXg5tKg']," 7 minutes, 30 seconds",9.3K views,4 years ago,Branching Process,https://i.ytimg.com/vi/SHIovXg5tKg/hq720.jpg?sqp=-oaymwEcCOgCEMoBSFXyq4qpAw4IARUAAIhCGAFwAcABBg==&rs=AOn4CLDM4ZsEdh-RIVtqPABdQHB1GyXRUQ,"Random Graph Models, Branching Processes, Phase Transition, and Connectedness (III)",14.15[J] Networks
0,4,['nnssRe5DewE']," 11 minutes, 49 seconds",146K views,9 years ago,"Markov Matrices | MIT 18.06SC Linear Algebra, Fall 2011",https://i.ytimg.com/vi/nnssRe5DewE/hqdefault.jpg?sqp=-oaymwEcCOADEI4CSFXyq4qpAw4IARUAAIhCGAFwAcABBg==&rs=AOn4CLDc5DzG8ZhaA_rxPXbYJuVpNU8ObQ,"Linear Dynamic Systems, Markov Chains, and Centralities (II)",14.15[J] Networks
0,11,['yFLiiK8c9CU']," 1 hour, 22 minutes",10K views,1 year ago,Deep Graph Generative Models (Stanford University - 2019),https://i.ytimg.com/vi/yFLiiK8c9CU/hq720.jpg?sqp=-oaymwEcCOgCEMoBSFXyq4qpAw4IARUAAIhCGAFwAcABBg==&rs=AOn4CLCPERxWxUWSybAuwi5aXm-cR-cxcA,Generative Network Models,14.15[J] Networks
0,7,['qSqSzzFdhSE']," 9 minutes, 35 seconds",14K views,3 years ago,"Triads, clustering coefficient and neighborhood overlap",https://i.ytimg.com/vi/qSqSzzFdhSE/hq720.jpg?sqp=-oaymwEcCOgCEMoBSFXyq4qpAw4IARUAAIhCGAFwAcABBg==&rs=AOn4CLC4oEzvo3rFUC9Efcvg-6bXvUvVNg,"Graph Decomposition, Clustering, and Connectivity",14.15[J] Networks
0,5,['CIeqNFnzZSY']," 10 minutes, 19 seconds",1.4K views,6 months ago,Transition Matrices &amp; Markov Chains [IB Math AI HL],https://i.ytimg.com/vi/CIeqNFnzZSY/hq720.jpg?sqp=-oaymwEcCOgCEMoBSFXyq4qpAw4IARUAAIhCGAFwAcABBg==&rs=AOn4CLBNW0CbGjYMXA-dW_KpcVocO0NpJg,"Linear Dynamic Systems, Markov Chains, and Centralities (III)",14.15[J] Networks
0,6,['3eKipiyDmnY'], 20 minutes,261 views,5 months ago,Spread of Information and Diseases via Random Walks in Sparse Graphs,https://i.ytimg.com/vi/3eKipiyDmnY/hq720.jpg?sqp=-oaymwEcCOgCEMoBSFXyq4qpAw4IARUAAIhCGAFwAcABBg==&rs=AOn4CLDYmeJBxbWozdcNpNC50t9qqZAq0A,Dynamics Over Graph: Information Spread and Distributed Computation,14.15[J] Networks
0,8,['Pf-5FbH-x74']," 1 hour, 10 minutes",4.8K views,5 years ago,Network Analysis. Lecture12. Epidemics,https://i.ytimg.com/vi/Pf-5FbH-x74/hq720.jpg?sqp=-oaymwEcCOgCEMoBSFXyq4qpAw4IARUAAIhCGAFwAcABBg==&rs=AOn4CLDhPmAHo_sOiPvNo580RiJG-GtuqQ,"Random Graph Models, Branching Processes, Phase Transition, and Connectedness (I)",14.15[J] Networks
0,4,['CKel6OuO9Tc']," 6 minutes, 59 seconds",232 views,2 years ago,4.9 Dynamical Systems and Markov Chains Part 3,https://i.ytimg.com/vi/CKel6OuO9Tc/hqdefault.jpg?sqp=-oaymwEcCOADEI4CSFXyq4qpAw4IARUAAIhCGAFwAcABBg==&rs=AOn4CLBD_mizLZLlEPP6r-z9huRmtm4iyw,"Linear Dynamic Systems, Markov Chains, and Centralities (II)",14.15[J] Networks
0,11,['O8LAi6ksC80']," 14 minutes, 21 seconds",27K views,3 years ago,Generative Adversarial Networks - FUTURISTIC &amp; FUN AI !,https://i.ytimg.com/vi/O8LAi6ksC80/hq720.jpg?sqp=-oaymwEcCOgCEMoBSFXyq4qpAw4IARUAAIhCGAFwAcABBg==&rs=AOn4CLDphs9EC8oafHQlXTeCUjqx36JwNg,Generative Network Models,14.15[J] Networks
0,5,['pMGygUPW_fE']," 1 hour, 5 minutes",84K views,12 years ago,Lecture 2 | Introduction to Linear Dynamical Systems,https://i.ytimg.com/vi/pMGygUPW_fE/hqdefault.jpg?sqp=-oaymwEcCOADEI4CSFXyq4qpAw4IARUAAIhCGAFwAcABBg==&rs=AOn4CLBJte2ESuEUWxGuURoi4ygFSMPkmA,"Linear Dynamic Systems, Markov Chains, and Centralities (III)",14.15[J] Networks
0,6,['ajjOEltiZm4'], 15 minutes,45K views,1 year ago,Distributed Systems | Distributed Computing Explained,https://i.ytimg.com/vi/ajjOEltiZm4/hq720.jpg?sqp=-oaymwEcCOgCEMoBSFXyq4qpAw4IARUAAIhCGAFwAcABBg==&rs=AOn4CLBZ_DvYkbypGcpBorxWffBvczKliA,Dynamics Over Graph: Information Spread and Distributed Computation,14.15[J] Networks
0,11,['7G4_Y5rsvi8']," 1 hour, 7 minutes",31K views,3 years ago,"Ali Ghodsi, Lec : Deep Learning, Generative Adversarial Network, Oct 24 2017",https://i.ytimg.com/vi/7G4_Y5rsvi8/hq720.jpg?sqp=-oaymwEcCOgCEMoBSFXyq4qpAw4IARUAAIhCGAFwAcABBg==&rs=AOn4CLAaclfeahr6_J7c_6JT32Bf5HeFTA,Generative Network Models,14.15[J] Networks
0,8,['q3LVw3UlaUc'], 32 minutes,386 views,3 years ago,Applications of Tail Bounds - Random Graphs,https://i.ytimg.com/vi/q3LVw3UlaUc/hq720.jpg?sqp=-oaymwEcCOgCEMoBSFXyq4qpAw4IARUAAIhCGAFwAcABBg==&rs=AOn4CLBcqSS4RUIf2jmrnVDTvlwbJHBXmg,"Random Graph Models, Branching Processes, Phase Transition, and Connectedness (I)",14.15[J] Networks
0,6,['z8k9ZMOkDos']," 5 minutes, 26 seconds",987 views,8 months ago,DISTRIBUTED SYSYEM UNIT 1  CUTS IN DISTRIBUTED SYSTEM,https://i.ytimg.com/vi/z8k9ZMOkDos/hq720.jpg?sqp=-oaymwEcCOgCEMoBSFXyq4qpAw4IARUAAIhCGAFwAcABBg==&rs=AOn4CLC_lhMKbhGBeMILIKo1xC5KQwvv5A,Dynamics Over Graph: Information Spread and Distributed Computation,14.15[J] Networks
0,10,['Pf-5FbH-x74']," 1 hour, 10 minutes",4.8K views,5 years ago,Network Analysis. Lecture12. Epidemics,https://i.ytimg.com/vi/Pf-5FbH-x74/hq720.jpg?sqp=-oaymwEcCOgCEMoBSFXyq4qpAw4IARUAAIhCGAFwAcABBg==&rs=AOn4CLDhPmAHo_sOiPvNo580RiJG-GtuqQ,"Random Graph Models, Branching Processes, Phase Transition, and Connectedness (III)",14.15[J] Networks
0,11,['f-cCpVGoxhY']," 14 minutes, 39 seconds",3.1K views,1 year ago,How Generative Models Work,https://i.ytimg.com/vi/f-cCpVGoxhY/hq720.jpg?sqp=-oaymwEcCOgCEMoBSFXyq4qpAw4IARUAAIhCGAFwAcABBg==&rs=AOn4CLCm-Y5l66ei_KHGAaGZVGORXJqSqg,Generative Network Models,14.15[J] Networks
0,6,['w_-SX4vR53M'], 50 minutes,23K views,5 years ago,R10. Distributed Algorithms,https://i.ytimg.com/vi/w_-SX4vR53M/hq720.jpg?sqp=-oaymwEcCOgCEMoBSFXyq4qpAw4IARUAAIhCGAFwAcABBg==&rs=AOn4CLC7VITD8Dh_4R83GbiW9YySEkukkw,Dynamics Over Graph: Information Spread and Distributed Computation,14.15[J] Networks
0,10,['PuDe34bMRaM']," 1 hour, 24 minutes",3K views,3 years ago,9 Inference for Networks – Exponential Random Graph Models 2017,https://i.ytimg.com/vi/PuDe34bMRaM/hqdefault.jpg?sqp=-oaymwEcCOADEI4CSFXyq4qpAw4IARUAAIhCGAFwAcABBg==&rs=AOn4CLBz_1pUlVLDTTOJJzGDD4bbeBvCKQ,"Random Graph Models, Branching Processes, Phase Transition, and Connectedness (III)",14.15[J] Networks
0,5,['CKel6OuO9Tc']," 6 minutes, 59 seconds",232 views,2 years ago,4.9 Dynamical Systems and Markov Chains Part 3,https://i.ytimg.com/vi/CKel6OuO9Tc/hqdefault.jpg?sqp=-oaymwEcCOADEI4CSFXyq4qpAw4IARUAAIhCGAFwAcABBg==&rs=AOn4CLBD_mizLZLlEPP6r-z9huRmtm4iyw,"Linear Dynamic Systems, Markov Chains, and Centralities (III)",14.15[J] Networks
0,7,['c0_vNfNZ4JM']," 8 minutes, 40 seconds",21K views,4 years ago,Lecture 28 — Detecting Communities as Clusters (Advanced) | Stanford University,https://i.ytimg.com/vi/c0_vNfNZ4JM/hqdefault.jpg?sqp=-oaymwEcCOADEI4CSFXyq4qpAw4IARUAAIhCGAFwAcABBg==&rs=AOn4CLBx40ePjJvQwVq-n6oldxRV6xVQFQ,"Graph Decomposition, Clustering, and Connectivity",14.15[J] Networks
0,11,['Q3HU2vEhD5Y']," 1 hour, 11 minutes",3.8K views,7 months ago,Lecture 19: Generative Models I,https://i.ytimg.com/vi/Q3HU2vEhD5Y/hq720.jpg?sqp=-oaymwEcCOgCEMoBSFXyq4qpAw4IARUAAIhCGAFwAcABBg==&rs=AOn4CLDg8s_0D7U77M2YGpEsFNBIedGnhQ,Generative Network Models,14.15[J] Networks
0,6,['ovJcsL7vyrk'], 18 minutes,9.6M views,1 year ago,This equation will change how you see the world (the logistic map),https://i.ytimg.com/vi/ovJcsL7vyrk/hq720.jpg?sqp=-oaymwEcCOgCEMoBSFXyq4qpAw4IARUAAIhCGAFwAcABBg==&rs=AOn4CLC2gzjyzqb5IVlXchxIST5ctdatiQ,Dynamics Over Graph: Information Spread and Distributed Computation,14.15[J] Networks
0,10,['q3LVw3UlaUc'], 32 minutes,386 views,3 years ago,Applications of Tail Bounds - Random Graphs,https://i.ytimg.com/vi/q3LVw3UlaUc/hq720.jpg?sqp=-oaymwEcCOgCEMoBSFXyq4qpAw4IARUAAIhCGAFwAcABBg==&rs=AOn4CLBcqSS4RUIf2jmrnVDTvlwbJHBXmg,"Random Graph Models, Branching Processes, Phase Transition, and Connectedness (III)",14.15[J] Networks
0,7,['Se28XHI2_xE']," 8 minutes, 53 seconds",76K views,2 years ago,4 Basic Types of Cluster Analysis used in Data Analytics,https://i.ytimg.com/vi/Se28XHI2_xE/hq720.jpg?sqp=-oaymwEcCOgCEMoBSFXyq4qpAw4IARUAAIhCGAFwAcABBg==&rs=AOn4CLDKTIRqDSDk9OqLysenbg3FhbltDw,"Graph Decomposition, Clustering, and Connectivity",14.15[J] Networks
0,6,['EybGGLbLipI']," 3 hours, 48 minutes",6.9K views,8 months ago,"Parallel and Distributed Computing in Python with Dask | SciPy 2020 | Bourbeau, McCarty, Pothina",https://i.ytimg.com/vi/EybGGLbLipI/hq720.jpg?sqp=-oaymwEcCOgCEMoBSFXyq4qpAw4IARUAAIhCGAFwAcABBg==&rs=AOn4CLDbv8bN3xnvmPmjsbJVoSY-KxQfuA,Dynamics Over Graph: Information Spread and Distributed Computation,14.15[J] Networks
0,10,['kRsryN3dcWQ'], 51 minutes,300 views,3 years ago,Julia Komjathy: Weighted distances in scale free random graph models,https://i.ytimg.com/vi/kRsryN3dcWQ/hq720.jpg?sqp=-oaymwEcCOgCEMoBSFXyq4qpAw4IARUAAIhCGAFwAcABBg==&rs=AOn4CLAtK6GocGSYaTnONB74jh7fhGDJ0w,"Random Graph Models, Branching Processes, Phase Transition, and Connectedness (III)",14.15[J] Networks
0,8,['kRsryN3dcWQ'], 51 minutes,300 views,3 years ago,Julia Komjathy: Weighted distances in scale free random graph models,https://i.ytimg.com/vi/kRsryN3dcWQ/hq720.jpg?sqp=-oaymwEcCOgCEMoBSFXyq4qpAw4IARUAAIhCGAFwAcABBg==&rs=AOn4CLAtK6GocGSYaTnONB74jh7fhGDJ0w,"Random Graph Models, Branching Processes, Phase Transition, and Connectedness (I)",14.15[J] Networks
0,7,['2_Q7uPAl34M']," 5 minutes, 57 seconds",26K views,6 years ago,Week 3: Network Modularity and Community Identification,https://i.ytimg.com/vi/2_Q7uPAl34M/hq720.jpg?sqp=-oaymwEcCOgCEMoBSFXyq4qpAw4IARUAAIhCGAFwAcABBg==&rs=AOn4CLDpYvw1X5N21PaHd1SJz13Skh5O2A,"Graph Decomposition, Clustering, and Connectivity",14.15[J] Networks
0,7,['dcg3Ntgc4lk'], 46 minutes,64 views,2 days ago,Connectivity-based Clustering,https://i.ytimg.com/vi/dcg3Ntgc4lk/hq720.jpg?sqp=-oaymwEcCOgCEMoBSFXyq4qpAw4IARUAAIhCGAFwAcABBg==&rs=AOn4CLAU77eV7hW4hun75fC6k9hyOpoTkw,"Graph Decomposition, Clustering, and Connectivity",14.15[J] Networks
0,8,['ZAtYbC9E6qM']," 2 minutes, 4 seconds",4.2K views,8 years ago,Randomly Generated Graphs - Intro to Algorithms,https://i.ytimg.com/vi/ZAtYbC9E6qM/hq720.jpg?sqp=-oaymwEcCOgCEMoBSFXyq4qpAw4IARUAAIhCGAFwAcABBg==&rs=AOn4CLA5dwl4Z7ORj2Z5U8qYwNfpdziKiQ,"Random Graph Models, Branching Processes, Phase Transition, and Connectedness (I)",14.15[J] Networks
0,6,['moHwispmzUo']," 1 minute, 57 seconds",4.4K views,3 years ago,What is DISTRIBUTED NETWORKING? What does DISTRIBUTED NETWORKING mean?,https://i.ytimg.com/vi/moHwispmzUo/hq720.jpg?sqp=-oaymwEcCOgCEMoBSFXyq4qpAw4IARUAAIhCGAFwAcABBg==&rs=AOn4CLC1zLX70yEPcmgnA6nO9xfdjJwmGA,Dynamics Over Graph: Information Spread and Distributed Computation,14.15[J] Networks
0,7,['BiLjdZYj_RI']," 6 minutes, 43 seconds",4.2K views,1 year ago,"What are Graph Decompositions? | Graph Decomposition, Graph Theory",https://i.ytimg.com/vi/BiLjdZYj_RI/hq720.jpg?sqp=-oaymwEcCOgCEMoBSFXyq4qpAw4IARUAAIhCGAFwAcABBg==&rs=AOn4CLCr7hZ0V7G_WRtRd3sTtUuEZW8-Sw,"Graph Decomposition, Clustering, and Connectivity",14.15[J] Networks
0,8,['PuDe34bMRaM']," 1 hour, 24 minutes",3K views,3 years ago,9 Inference for Networks – Exponential Random Graph Models 2017,https://i.ytimg.com/vi/PuDe34bMRaM/hqdefault.jpg?sqp=-oaymwEcCOADEI4CSFXyq4qpAw4IARUAAIhCGAFwAcABBg==&rs=AOn4CLBz_1pUlVLDTTOJJzGDD4bbeBvCKQ,"Random Graph Models, Branching Processes, Phase Transition, and Connectedness (I)",14.15[J] Networks
0,6,['NZZQLYcgZZs']," 10 minutes, 46 seconds",122K views,7 years ago,Physics - Thermodynamics: (7 of 10) The Maxwell Botzmann Distribution,https://i.ytimg.com/vi/NZZQLYcgZZs/hqdefault.jpg?sqp=-oaymwEcCOADEI4CSFXyq4qpAw4IARUAAIhCGAFwAcABBg==&rs=AOn4CLDnwc35Hx-JfwO9tg_ZbVwCLMNE6g,Dynamics Over Graph: Information Spread and Distributed Computation,14.15[J] Networks
0,7,['FRZvgNvALJ4']," 6 minutes, 52 seconds",31K views,4 years ago,Lecture 30 — The Graph Laplacian Matrix (Advanced) | Stanford University,https://i.ytimg.com/vi/FRZvgNvALJ4/hqdefault.jpg?sqp=-oaymwEcCOADEI4CSFXyq4qpAw4IARUAAIhCGAFwAcABBg==&rs=AOn4CLDFIJzyMMSnwIDU-5jYgllzMA6z4w,"Graph Decomposition, Clustering, and Connectivity",14.15[J] Networks
0,8,['OfDH7x4LR2Y'], 27 minutes,137 views,3 months ago,Lecture 26: Extinction probability of branching processes,https://i.ytimg.com/vi/OfDH7x4LR2Y/hq720.jpg?sqp=-oaymwEcCOgCEMoBSFXyq4qpAw4IARUAAIhCGAFwAcABBg==&rs=AOn4CLBxM-frAvbAs7tyk2fwQeJSvaKh2w,"Random Graph Models, Branching Processes, Phase Transition, and Connectedness (I)",14.15[J] Networks
0,6,['XLNAkLuokzY']," 5 minutes, 40 seconds",27K views,3 years ago,Example: Describing a distribution | AP Statistics | Khan Academy,https://i.ytimg.com/vi/XLNAkLuokzY/hq720.jpg?sqp=-oaymwEcCOgCEMoBSFXyq4qpAw4IARUAAIhCGAFwAcABBg==&rs=AOn4CLBPutcgZJqp9NMSi0Aiqz0dXX8lJg,Dynamics Over Graph: Information Spread and Distributed Computation,14.15[J] Networks
0,7,['zkgm0i77jQ8']," 12 minutes, 55 seconds",40K views,5 years ago,Spectral Clustering 01 - Spectral Clustering,https://i.ytimg.com/vi/zkgm0i77jQ8/hqdefault.jpg?sqp=-oaymwEcCOADEI4CSFXyq4qpAw4IARUAAIhCGAFwAcABBg==&rs=AOn4CLBFJRKunJNzz74OF48MTDgmWIIIMQ,"Graph Decomposition, Clustering, and Connectivity",14.15[J] Networks
0,8,['2fFH5kEqo9A'], 36 minutes,178 views,1 year ago,The Contact Process on Random Graphs,https://i.ytimg.com/vi/2fFH5kEqo9A/hq720.jpg?sqp=-oaymwEcCOgCEMoBSFXyq4qpAw4IARUAAIhCGAFwAcABBg==&rs=AOn4CLB1jlXK94-RTNz2Fxn3DjyN3ZsDCA,"Random Graph Models, Branching Processes, Phase Transition, and Connectedness (I)",14.15[J] Networks
0,6,['ps4fLbEp20I'], 28 minutes,250 views,4 years ago,Context Matters: Distributed Graph Algorithms and Runtime Systems,https://i.ytimg.com/vi/ps4fLbEp20I/hq720.jpg?sqp=-oaymwEcCOgCEMoBSFXyq4qpAw4IARUAAIhCGAFwAcABBg==&rs=AOn4CLCNfqxuQ78BA-xEvL3bzQHcuXppUw,Dynamics Over Graph: Information Spread and Distributed Computation,14.15[J] Networks
0,6,['3zCK_5U69A8'], 25 minutes,16K views,1 year ago,System design basics: When to use distributed computing |  how distributed computing works,https://i.ytimg.com/vi/3zCK_5U69A8/hq720.jpg?sqp=-oaymwEcCOgCEMoBSFXyq4qpAw4IARUAAIhCGAFwAcABBg==&rs=AOn4CLAVdBZ7o1Jyh-Hs5QHGT1jq5hSIYQ,Dynamics Over Graph: Information Spread and Distributed Computation,14.15[J] Networks
0,13,['pC--lK8KNwo'], 19 minutes,53K views,4 years ago,Intro to Game Theory,https://i.ytimg.com/vi/pC--lK8KNwo/hq720.jpg?sqp=-oaymwEcCOgCEMoBSFXyq4qpAw4IARUAAIhCGAFwAcABBg==&rs=AOn4CLDXm27x5HH229aTT-tX48hyNr5WRg,Introduction to Game Theory (II),14.15[J] Networks
0,12,['pC--lK8KNwo'], 19 minutes,53K views,4 years ago,Intro to Game Theory,https://i.ytimg.com/vi/pC--lK8KNwo/hq720.jpg?sqp=-oaymwEcCOgCEMoBSFXyq4qpAw4IARUAAIhCGAFwAcABBg==&rs=AOn4CLDXm27x5HH229aTT-tX48hyNr5WRg,Introduction to Game Theory (I),14.15[J] Networks
0,13,['3Y1WpytiHKE']," 3 minutes, 59 seconds",648K views,8 years ago,Intro to Game Theory and the Dominant Strategy Equilibrium,https://i.ytimg.com/vi/3Y1WpytiHKE/hq720.jpg?sqp=-oaymwEcCOgCEMoBSFXyq4qpAw4IARUAAIhCGAFwAcABBg==&rs=AOn4CLC1rugJ-lKY1SwKFX59UKjXlOx33Q,Introduction to Game Theory (II),14.15[J] Networks
0,13,['YueJukoFBMU']," 1 minute, 28 seconds",382K views,4 years ago,Game Theory Explained in One Minute,https://i.ytimg.com/vi/YueJukoFBMU/hq720.jpg?sqp=-oaymwEcCOgCEMoBSFXyq4qpAw4IARUAAIhCGAFwAcABBg==&rs=AOn4CLBgzHXGaoyfpxufBYRpCetcUMbFkg,Introduction to Game Theory (II),14.15[J] Networks
0,12,['NSVmOC_5zrE']," 6 minutes, 44 seconds",287K views,8 years ago,Game Theory 101 (#1): Introduction,https://i.ytimg.com/vi/NSVmOC_5zrE/hq720.jpg?sqp=-oaymwEcCOgCEMoBSFXyq4qpAw4IARUAAIhCGAFwAcABBg==&rs=AOn4CLB_EtLsLkDD1bU-DhnVpH72fF5yDA,Introduction to Game Theory (I),14.15[J] Networks
0,13,['MHS-htjGgSY']," 9 minutes, 50 seconds",2.8M views,4 years ago,Game Theory: The Science of Decision-Making,https://i.ytimg.com/vi/MHS-htjGgSY/hq720.jpg?sqp=-oaymwEcCOgCEMoBSFXyq4qpAw4IARUAAIhCGAFwAcABBg==&rs=AOn4CLAInCu6WG8sd4ydYbGhRCc2gq8mXg,Introduction to Game Theory (II),14.15[J] Networks
0,12,['YueJukoFBMU']," 1 minute, 28 seconds",382K views,4 years ago,Game Theory Explained in One Minute,https://i.ytimg.com/vi/YueJukoFBMU/hq720.jpg?sqp=-oaymwEcCOgCEMoBSFXyq4qpAw4IARUAAIhCGAFwAcABBg==&rs=AOn4CLBgzHXGaoyfpxufBYRpCetcUMbFkg,Introduction to Game Theory (I),14.15[J] Networks
0,13,['DLl--A0gV3w'], 42 minutes,7K views,1 year ago,Game Theory: Introduction,https://i.ytimg.com/vi/DLl--A0gV3w/hq720.jpg?sqp=-oaymwEcCOgCEMoBSFXyq4qpAw4IARUAAIhCGAFwAcABBg==&rs=AOn4CLBR_d0cevOKrOHSehgXPLGAZ1LvgA,Introduction to Game Theory (II),14.15[J] Networks
0,12,['DLl--A0gV3w'], 42 minutes,7K views,1 year ago,Game Theory: Introduction,https://i.ytimg.com/vi/DLl--A0gV3w/hq720.jpg?sqp=-oaymwEcCOgCEMoBSFXyq4qpAw4IARUAAIhCGAFwAcABBg==&rs=AOn4CLBR_d0cevOKrOHSehgXPLGAZ1LvgA,Introduction to Game Theory (I),14.15[J] Networks
0,13,['PCcVODWm-oY']," 9 minutes, 56 seconds",1M views,5 years ago,Game Theory and Oligopoly: Crash Course Economics #26,,Introduction to Game Theory (II),14.15[J] Networks
0,13,['9uDUv1TpGxI']," 8 minutes, 22 seconds",286K views,2 years ago,What Actually Is Game Theory?,,Introduction to Game Theory (II),14.15[J] Networks
0,12,['9uDUv1TpGxI']," 8 minutes, 22 seconds",286K views,2 years ago,What Actually Is Game Theory?,https://i.ytimg.com/vi/9uDUv1TpGxI/hq720.jpg?sqp=-oaymwEcCOgCEMoBSFXyq4qpAw4IARUAAIhCGAFwAcABBg==&rs=AOn4CLAYL9rggXxBoppdA1wJtas_iXAn7w,Introduction to Game Theory (I),14.15[J] Networks
0,12,['MHS-htjGgSY']," 9 minutes, 50 seconds",2.8M views,4 years ago,Game Theory: The Science of Decision-Making,https://i.ytimg.com/vi/MHS-htjGgSY/hq720.jpg?sqp=-oaymwEcCOgCEMoBSFXyq4qpAw4IARUAAIhCGAFwAcABBg==&rs=AOn4CLAInCu6WG8sd4ydYbGhRCc2gq8mXg,Introduction to Game Theory (I),14.15[J] Networks
0,12,['3Y1WpytiHKE']," 3 minutes, 59 seconds",648K views,8 years ago,Intro to Game Theory and the Dominant Strategy Equilibrium,https://i.ytimg.com/vi/3Y1WpytiHKE/hq720.jpg?sqp=-oaymwEcCOgCEMoBSFXyq4qpAw4IARUAAIhCGAFwAcABBg==&rs=AOn4CLC1rugJ-lKY1SwKFX59UKjXlOx33Q,Introduction to Game Theory (I),14.15[J] Networks
0,13,['xlqnyUeyYdg'], 16 minutes,10K views,2 years ago,Introduction to Game Theory,,Introduction to Game Theory (II),14.15[J] Networks
0,12,['tcSEzliz8jk']," 6 minutes, 32 seconds",6.9K views,8 years ago,Introduction to Game Theory Tutorial,https://i.ytimg.com/vi/tcSEzliz8jk/hqdefault.jpg?sqp=-oaymwEcCOADEI4CSFXyq4qpAw4IARUAAIhCGAFwAcABBg==&rs=AOn4CLAzHRU9vZwHqkbs_YlNHBC3NkHNiw,Introduction to Game Theory (I),14.15[J] Networks
0,13,['cNh2GsLTsQg']," 11 minutes, 31 seconds",23K views,3 years ago,Game Theory Overview,https://i.ytimg.com/vi/cNh2GsLTsQg/hq720.jpg?sqp=-oaymwEcCOgCEMoBSFXyq4qpAw4IARUAAIhCGAFwAcABBg==&rs=AOn4CLA-QWTuJCyUaVDT3qJbKuooXqRVzQ,Introduction to Game Theory (II),14.15[J] Networks
0,13,['NSVmOC_5zrE']," 6 minutes, 44 seconds",287K views,8 years ago,Game Theory 101 (#1): Introduction,https://i.ytimg.com/vi/NSVmOC_5zrE/hq720.jpg?sqp=-oaymwEcCOgCEMoBSFXyq4qpAw4IARUAAIhCGAFwAcABBg==&rs=AOn4CLB_EtLsLkDD1bU-DhnVpH72fF5yDA,Introduction to Game Theory (II),14.15[J] Networks
0,12,['w33Pd7rwvtU']," 12 minutes, 4 seconds",1K views,1 year ago,Introduction to Game Theory | Microeconomics | Prof. Atman Shah,https://i.ytimg.com/vi/w33Pd7rwvtU/hq720.jpg?sqp=-oaymwEcCOgCEMoBSFXyq4qpAw4IARUAAIhCGAFwAcABBg==&rs=AOn4CLBe9o0QhdTM0HKQe2-959cdY-SxrA,Introduction to Game Theory (I),14.15[J] Networks
0,14,['yITr127KZtQ']," 6 minutes, 8 seconds",12M views,3 years ago,Traffic flow measured on 30 different 4-way junctions,https://i.ytimg.com/vi/yITr127KZtQ/hq720.jpg?sqp=-oaymwEcCOgCEMoBSFXyq4qpAw4IARUAAIhCGAFwAcABBg==&rs=AOn4CLCgZHMTzLrHvbTqeciCke3J2yCdoA,Traffic Flow and Congestion Games,14.15[J] Networks
0,16,['aoeal3ljnqw']," 7 minutes, 7 seconds",21K views,1 year ago,What Are Network Effects? (Whiteboard Breakdown),https://i.ytimg.com/vi/aoeal3ljnqw/hq720.jpg?sqp=-oaymwEcCOgCEMoBSFXyq4qpAw4IARUAAIhCGAFwAcABBg==&rs=AOn4CLAW6I6fksVROhi1EixIDW1-KOEXtA,Network Effects (II),14.15[J] Networks
0,17,['1DKZPxWdngc'], 17 minutes,3.9K views,1 year ago,Networked Economy Explained,https://i.ytimg.com/vi/1DKZPxWdngc/hq720.jpg?sqp=-oaymwEcCOgCEMoBSFXyq4qpAw4IARUAAIhCGAFwAcABBg==&rs=AOn4CLAoZm9mc5IVjZI72l9yQiigdm-6Bw,Networked Markets,14.15[J] Networks
0,14,['iHzzSao6ypE']," 4 minutes, 30 seconds",22M views,4 years ago,The Simple Solution to Traffic,https://i.ytimg.com/vi/iHzzSao6ypE/hq720.jpg?sqp=-oaymwEcCOgCEMoBSFXyq4qpAw4IARUAAIhCGAFwAcABBg==&rs=AOn4CLBZAiU9CAqtdihU8Vv1VXc-GSAMyw,Traffic Flow and Congestion Games,14.15[J] Networks
0,16,['oB_NM_kL6rM']," 2 minutes, 21 seconds",40K views,2 years ago,The 13 Types of Network Effects,https://i.ytimg.com/vi/oB_NM_kL6rM/hq720.jpg?sqp=-oaymwEcCOgCEMoBSFXyq4qpAw4IARUAAIhCGAFwAcABBg==&rs=AOn4CLBUrw6cIYQ7BqYT1MyzkJRXBU6rKw,Network Effects (II),14.15[J] Networks
0,15,['aoeal3ljnqw']," 7 minutes, 7 seconds",21K views,1 year ago,What Are Network Effects? (Whiteboard Breakdown),https://i.ytimg.com/vi/aoeal3ljnqw/hq720.jpg?sqp=-oaymwEcCOgCEMoBSFXyq4qpAw4IARUAAIhCGAFwAcABBg==&rs=AOn4CLAW6I6fksVROhi1EixIDW1-KOEXtA,Network Effects (I),14.15[J] Networks
0,12,['9hkiLqlQ9YY']," 8 minutes, 19 seconds",523 views,2 years ago,Introduction to Game Theory: What is a Game?,https://i.ytimg.com/vi/9hkiLqlQ9YY/hq720.jpg?sqp=-oaymwEcCOgCEMoBSFXyq4qpAw4IARUAAIhCGAFwAcABBg==&rs=AOn4CLATndMRrGx8T4gLaDKP-7keVBFDVg,Introduction to Game Theory (I),14.15[J] Networks
0,14,['XDoytd99X-E'], 31 minutes,497K views,1 year ago,AMAZING Fix From 17% to Almost 90% Traffic in Cities Skylines!!!,https://i.ytimg.com/vi/XDoytd99X-E/hq720.jpg?sqp=-oaymwEcCOgCEMoBSFXyq4qpAw4IARUAAIhCGAFwAcABBg==&rs=AOn4CLDKr7BeqlJa75NLQP6LJWKQvmxs_g,Traffic Flow and Congestion Games,14.15[J] Networks
0,17,['jlMwk7hR9IA'], 16 minutes,6.3K views,1 year ago,"Market Networks the Hidden Advantage - James Currier, NFX",https://i.ytimg.com/vi/jlMwk7hR9IA/hq720.jpg?sqp=-oaymwEcCOgCEMoBSFXyq4qpAw4IARUAAIhCGAFwAcABBg==&rs=AOn4CLAsHGKjcYf98z87W0Iy_fCWpO-mOA,Networked Markets,14.15[J] Networks
0,15,['vLsnYCPdNtc'], 35 minutes,35K views,4 years ago,Anu Hariharan on Network Effects,https://i.ytimg.com/vi/vLsnYCPdNtc/hq720.jpg?sqp=-oaymwEcCOgCEMoBSFXyq4qpAw4IARUAAIhCGAFwAcABBg==&rs=AOn4CLBBU6lFjEH1oQRIWvwrdxQJoXpoow,Network Effects (I),14.15[J] Networks
0,16,['50D4kA0gOPw']," 1 hour, 29 minutes",1.3K views,8 months ago,Lecture 12  Network Effects and Cascading Behavior,https://i.ytimg.com/vi/50D4kA0gOPw/hqdefault.jpg?sqp=-oaymwEcCOADEI4CSFXyq4qpAw4IARUAAIhCGAFwAcABBg==&rs=AOn4CLBl1RrKi6LIAANxldNdqjkrf9S-Vg,Network Effects (II),14.15[J] Networks
0,14,['pRYoi7wbvHE']," 3 minutes, 35 seconds",12K views,1 year ago,Traffic Flow Optimization,https://i.ytimg.com/vi/pRYoi7wbvHE/hq720.jpg?sqp=-oaymwEcCOgCEMoBSFXyq4qpAw4IARUAAIhCGAFwAcABBg==&rs=AOn4CLDJIyve07AozhyOojm8tn4pRX8A1w,Traffic Flow and Congestion Games,14.15[J] Networks
0,17,['aoeal3ljnqw']," 7 minutes, 7 seconds",21K views,1 year ago,What Are Network Effects? (Whiteboard Breakdown),https://i.ytimg.com/vi/aoeal3ljnqw/hq720.jpg?sqp=-oaymwEcCOgCEMoBSFXyq4qpAw4IARUAAIhCGAFwAcABBg==&rs=AOn4CLAW6I6fksVROhi1EixIDW1-KOEXtA,Networked Markets,14.15[J] Networks
0,15,['oB_NM_kL6rM']," 2 minutes, 21 seconds",40K views,2 years ago,The 13 Types of Network Effects,https://i.ytimg.com/vi/oB_NM_kL6rM/hq720.jpg?sqp=-oaymwEcCOgCEMoBSFXyq4qpAw4IARUAAIhCGAFwAcABBg==&rs=AOn4CLBUrw6cIYQ7BqYT1MyzkJRXBU6rKw,Network Effects (I),14.15[J] Networks
0,16,['Zb5kO8Pm6eg']," 9 minutes, 8 seconds",1K views,1 month ago,METCALFE’S LAW AND NETWORK EFFECTS FOR CRYPTO AND INVESTING | TRILLIONS.,https://i.ytimg.com/vi/Zb5kO8Pm6eg/hq720.jpg?sqp=-oaymwEcCOgCEMoBSFXyq4qpAw4IARUAAIhCGAFwAcABBg==&rs=AOn4CLB3ro0tIr0WxXPVkWQ4rVq6sqcI1g,Network Effects (II),14.15[J] Networks
0,14,['QpFCBGjH85w']," 1 minute, 55 seconds",3.9K views,4 years ago,Solving Traffic Congestion With an Innovative Intersection,https://i.ytimg.com/vi/QpFCBGjH85w/hq720.jpg?sqp=-oaymwEcCOgCEMoBSFXyq4qpAw4IARUAAIhCGAFwAcABBg==&rs=AOn4CLCcdlxZqgcE-Pj4UGkAX2BeljFfmA,Traffic Flow and Congestion Games,14.15[J] Networks
0,17,['CDJgRNZ-yWY'], 27 minutes,1.5K views,2 years ago,"Market Networks: Unlocking the secrets to growth in B2B - Stephan Heller, FinCompare",https://i.ytimg.com/vi/CDJgRNZ-yWY/hq720.jpg?sqp=-oaymwEcCOgCEMoBSFXyq4qpAw4IARUAAIhCGAFwAcABBg==&rs=AOn4CLASztNzm6cOx3Q157qPkcfGoS9qcQ,Networked Markets,14.15[J] Networks
0,15,['kEq4gcF-DwE']," 4 minutes, 10 seconds",1.1K views,1 year ago,Network Effects 101,https://i.ytimg.com/vi/kEq4gcF-DwE/hq720.jpg?sqp=-oaymwEcCOgCEMoBSFXyq4qpAw4IARUAAIhCGAFwAcABBg==&rs=AOn4CLCLZF4T9t7S6yhaTsrskLmhwPLFqQ,Network Effects (I),14.15[J] Networks
0,16,['yEminPU_7cc']," 2 minutes, 58 seconds",22K views,3 years ago,The Network Effects of Uber: Under the Hood,https://i.ytimg.com/vi/yEminPU_7cc/hqdefault.jpg?sqp=-oaymwEcCOADEI4CSFXyq4qpAw4IARUAAIhCGAFwAcABBg==&rs=AOn4CLDBye0YQM6eZKLQkYBH-SYjebcLnA,Network Effects (II),14.15[J] Networks
0,14,['XqxwnbKHEEs'], 31 minutes,17K views,3 years ago,TensorTraffic - traffic prediction using machine learning - Pawel Gora,https://i.ytimg.com/vi/XqxwnbKHEEs/hq720.jpg?sqp=-oaymwEcCOgCEMoBSFXyq4qpAw4IARUAAIhCGAFwAcABBg==&rs=AOn4CLD4M4Hb24Kbio5gpL_FQKRmLd8aOw,Traffic Flow and Congestion Games,14.15[J] Networks
0,17,['qrsUQte9h5s']," 1 hour, 26 minutes",322 views,4 years ago,Matt Elliott - Networked Markets and Buyer-Seller Networks,https://i.ytimg.com/vi/qrsUQte9h5s/hq720.jpg?sqp=-oaymwEcCOgCEMoBSFXyq4qpAw4IARUAAIhCGAFwAcABBg==&rs=AOn4CLA6oXaTgGyN2GYLePtSpDbrKT1vqw,Networked Markets,14.15[J] Networks
0,15,['50D4kA0gOPw']," 1 hour, 29 minutes",1.3K views,8 months ago,Lecture 12  Network Effects and Cascading Behavior,https://i.ytimg.com/vi/50D4kA0gOPw/hqdefault.jpg?sqp=-oaymwEcCOADEI4CSFXyq4qpAw4IARUAAIhCGAFwAcABBg==&rs=AOn4CLBl1RrKi6LIAANxldNdqjkrf9S-Vg,Network Effects (I),14.15[J] Networks
0,16,['vLsnYCPdNtc'], 35 minutes,35K views,4 years ago,Anu Hariharan on Network Effects,https://i.ytimg.com/vi/vLsnYCPdNtc/hq720.jpg?sqp=-oaymwEcCOgCEMoBSFXyq4qpAw4IARUAAIhCGAFwAcABBg==&rs=AOn4CLBBU6lFjEH1oQRIWvwrdxQJoXpoow,Network Effects (II),14.15[J] Networks
0,17,['ZIGkUDhuUJc']," 4 minutes, 52 seconds",28K views,7 years ago,"Hierarchy and Network: Two Structures, One Organization",https://i.ytimg.com/vi/ZIGkUDhuUJc/hqdefault.jpg?sqp=-oaymwEcCOADEI4CSFXyq4qpAw4IARUAAIhCGAFwAcABBg==&rs=AOn4CLAgPh0pHJFqg0focyn9CpoTnE931w,Networked Markets,14.15[J] Networks
0,15,['yEminPU_7cc']," 2 minutes, 58 seconds",22K views,3 years ago,The Network Effects of Uber: Under the Hood,https://i.ytimg.com/vi/yEminPU_7cc/hqdefault.jpg?sqp=-oaymwEcCOADEI4CSFXyq4qpAw4IARUAAIhCGAFwAcABBg==&rs=AOn4CLDBye0YQM6eZKLQkYBH-SYjebcLnA,Network Effects (I),14.15[J] Networks
0,16,['IXgXl1tK2B4']," 4 minutes, 15 seconds",16 views,4 months ago,Network Effects II: Indirect Network Effects - Advanced Competitive Strategy,https://i.ytimg.com/vi/IXgXl1tK2B4/hq720.jpg?sqp=-oaymwEcCOgCEMoBSFXyq4qpAw4IARUAAIhCGAFwAcABBg==&rs=AOn4CLAm0cC4ny2dkyKEXHK2YmzsiAggbw,Network Effects (II),14.15[J] Networks
0,14,['hMJG3B068ec']," 3 minutes, 57 seconds",6.6K views,4 years ago,GIS ArcMap: How to create a traffic flows cartogram by using Buffers,https://i.ytimg.com/vi/hMJG3B068ec/hq720.jpg?sqp=-oaymwEcCOgCEMoBSFXyq4qpAw4IARUAAIhCGAFwAcABBg==&rs=AOn4CLBbExEN2LwjZb6jzBX62UpDbiJ9yA,Traffic Flow and Congestion Games,14.15[J] Networks
0,17,['h8NDH_kx1qg']," 10 minutes, 59 seconds",3.2K views,1 year ago,Platform Revolution Economy | Part 1of 3,https://i.ytimg.com/vi/h8NDH_kx1qg/hq720.jpg?sqp=-oaymwEcCOgCEMoBSFXyq4qpAw4IARUAAIhCGAFwAcABBg==&rs=AOn4CLAddxQeh7v5VN23w6xvtYevLaJbyQ,Networked Markets,14.15[J] Networks
0,15,['nD_fz1ly-kA']," 7 minutes, 8 seconds",12K views,1 year ago,"Network Effects: So, Is It a Network Effect? (1 of 3)",https://i.ytimg.com/vi/nD_fz1ly-kA/hq720.jpg?sqp=-oaymwEcCOgCEMoBSFXyq4qpAw4IARUAAIhCGAFwAcABBg==&rs=AOn4CLAjrd-zqezgRsq-ujOOo0Ik_9nqzw,Network Effects (I),14.15[J] Networks
0,14,['ynWr38j9Vrs'], 24 minutes,241K views,1 year ago,Want Perfect 100% Traffic Flow? Watch This! - FIX IT Cities: Skylines,https://i.ytimg.com/vi/ynWr38j9Vrs/hq720.jpg?sqp=-oaymwEcCOgCEMoBSFXyq4qpAw4IARUAAIhCGAFwAcABBg==&rs=AOn4CLCcLERsdQJRj4qnU3lS7aFjJyqjEA,Traffic Flow and Congestion Games,14.15[J] Networks
0,16,['pSpGZgWoULY'], 22 minutes,217 views,9 months ago,Economics Of Entrepreneurship: Network Effects Part II,https://i.ytimg.com/vi/pSpGZgWoULY/hq720.jpg?sqp=-oaymwEcCOgCEMoBSFXyq4qpAw4IARUAAIhCGAFwAcABBg==&rs=AOn4CLDcYDAL9myPqO8TJv-F20Uae_CsgA,Network Effects (II),14.15[J] Networks
0,17,['CvaGYjm-QCQ'], 18 minutes,74 views,1 year ago,EC'18: Optimal Commissions and Subscriptions in Networked Markets,https://i.ytimg.com/vi/CvaGYjm-QCQ/hq720.jpg?sqp=-oaymwEcCOgCEMoBSFXyq4qpAw4IARUAAIhCGAFwAcABBg==&rs=AOn4CLAVg1srnwt7lOagaL7q-NWB5ET0AA,Networked Markets,14.15[J] Networks
0,15,['Z0GEe4B9AFE']," 10 minutes, 10 seconds",897 views,1 year ago,Network Effects Explained || Strategic Management Series,https://i.ytimg.com/vi/Z0GEe4B9AFE/hq720.jpg?sqp=-oaymwEcCOgCEMoBSFXyq4qpAw4IARUAAIhCGAFwAcABBg==&rs=AOn4CLC10zukQ_yWBPTiSVMT0VBZ2KMaIw,Network Effects (I),14.15[J] Networks
0,14,['RfZvKUY3WvQ']," 5 minutes, 53 seconds",35K views,10 years ago,Traffic Flow in a Network,https://i.ytimg.com/vi/RfZvKUY3WvQ/hqdefault.jpg?sqp=-oaymwEcCOADEI4CSFXyq4qpAw4IARUAAIhCGAFwAcABBg==&rs=AOn4CLB161b18R0EgYtmyBWkqHrAcnT1iw,Traffic Flow and Congestion Games,14.15[J] Networks
0,16,['GVkDdx_NIRM']," 4 minutes, 35 seconds",8.1K views,4 months ago,Metcalfe's Law Explained,https://i.ytimg.com/vi/GVkDdx_NIRM/hq720.jpg?sqp=-oaymwEcCOgCEMoBSFXyq4qpAw4IARUAAIhCGAFwAcABBg==&rs=AOn4CLDED1c2JMvtUFn0cqmWloFqswJ6VQ,Network Effects (II),14.15[J] Networks
0,17,['VulfA7eiCw4'], 19 minutes,4.5K views,4 years ago,Understanding the Economics of Networks,https://i.ytimg.com/vi/VulfA7eiCw4/hq720.jpg?sqp=-oaymwEcCOgCEMoBSFXyq4qpAw4IARUAAIhCGAFwAcABBg==&rs=AOn4CLDDrIwLtPpbcuRWf2cSfjpCHpWvjw,Networked Markets,14.15[J] Networks
0,14,['rFJkc1tJvmA'], 51 minutes,351 views,8 months ago,Improve Traffic Flow in Real Time with Siemens SCOOT,https://i.ytimg.com/vi/rFJkc1tJvmA/hq720.jpg?sqp=-oaymwEcCOgCEMoBSFXyq4qpAw4IARUAAIhCGAFwAcABBg==&rs=AOn4CLAWqBhQkmVTy0GsdlUAWbP2MU-VbQ,Traffic Flow and Congestion Games,14.15[J] Networks
0,15,['OzSq-Yapsgg'], 48 minutes,1.8K views,2 years ago,a16z Podcast | Getting Network Effects,https://i.ytimg.com/vi/OzSq-Yapsgg/hq720.jpg?sqp=-oaymwEcCOgCEMoBSFXyq4qpAw4IARUAAIhCGAFwAcABBg==&rs=AOn4CLCPyPnrKxunKYZa64tZXTpssMb-dA,Network Effects (I),14.15[J] Networks
0,16,['oZ04tNHCknY']," 3 minutes, 28 seconds",10K views,3 years ago,The Network Effects of Trulia: The $3.5 Billion Marketplace,https://i.ytimg.com/vi/oZ04tNHCknY/hq720.jpg?sqp=-oaymwEcCOgCEMoBSFXyq4qpAw4IARUAAIhCGAFwAcABBg==&rs=AOn4CLDThXt4jwayG7jvFxHgkgPrWJ48Ow,Network Effects (II),14.15[J] Networks
0,14,['Wa6kaCwyYRk'], 24 minutes,48K views,4 years ago,Algebra 62 - Gauss Jordan Elimination with Traffic Flow,https://i.ytimg.com/vi/Wa6kaCwyYRk/hq720.jpg?sqp=-oaymwEcCOgCEMoBSFXyq4qpAw4IARUAAIhCGAFwAcABBg==&rs=AOn4CLDqF6loHka8sG-iJRX1_i133WU9eg,Traffic Flow and Congestion Games,14.15[J] Networks
0,15,['53QZ78WtRck']," 7 minutes, 54 seconds",5.2K views,1 year ago,The Truth About Data Network Effects (Whiteboard Breakdown),https://i.ytimg.com/vi/53QZ78WtRck/hq720.jpg?sqp=-oaymwEcCOgCEMoBSFXyq4qpAw4IARUAAIhCGAFwAcABBg==&rs=AOn4CLADiO_Tn_A6zRp94MkA--ixNAyxTQ,Network Effects (I),14.15[J] Networks
0,16,['OzSq-Yapsgg'], 48 minutes,1.8K views,2 years ago,a16z Podcast | Getting Network Effects,https://i.ytimg.com/vi/OzSq-Yapsgg/hq720.jpg?sqp=-oaymwEcCOgCEMoBSFXyq4qpAw4IARUAAIhCGAFwAcABBg==&rs=AOn4CLCPyPnrKxunKYZa64tZXTpssMb-dA,Network Effects (II),14.15[J] Networks
0,17,['C3f4VJcAcik']," 13 minutes, 57 seconds",640 views,4 months ago,Audinate (ASX:AD8): Dante transforming digital audio networking technologies globally,https://i.ytimg.com/vi/C3f4VJcAcik/hq720.jpg?sqp=-oaymwEcCOgCEMoBSFXyq4qpAw4IARUAAIhCGAFwAcABBg==&rs=AOn4CLC3pCDFSHc-pkrB5UUPCNQ23Mjo3w,Networked Markets,14.15[J] Networks
0,14,['6gLHDCLT2Gc']," 1 minute, 43 seconds",20K views,2 years ago,AI trained to control traffic,https://i.ytimg.com/vi/6gLHDCLT2Gc/hq720.jpg?sqp=-oaymwEcCOgCEMoBSFXyq4qpAw4IARUAAIhCGAFwAcABBg==&rs=AOn4CLCJYMoLfleKTk-a7aEdm6MHA4fTUA,Traffic Flow and Congestion Games,14.15[J] Networks
0,15,['BhRZ8-IzgZc']," 6 minutes, 11 seconds",18K views,2 years ago,Why Facebook Will Survive,https://i.ytimg.com/vi/BhRZ8-IzgZc/hq720.jpg?sqp=-oaymwEcCOgCEMoBSFXyq4qpAw4IARUAAIhCGAFwAcABBg==&rs=AOn4CLAygzFAaYnC7W2tYc8XgrOh8WwJng,Network Effects (I),14.15[J] Networks
0,16,['JGwCXrCqV40'], 47 minutes,5.5K views,1 year ago,"Why Top Founders Understand Network Effects - NFX Podcast (w/ Scott Cook, Founder of Intuit)",https://i.ytimg.com/vi/JGwCXrCqV40/hq720.jpg?sqp=-oaymwEcCOgCEMoBSFXyq4qpAw4IARUAAIhCGAFwAcABBg==&rs=AOn4CLBVC7MrvOL4cBzypfbeQqrmeeqJ_A,Network Effects (II),14.15[J] Networks
0,15,['LsCLpqzoK3E']," 9 minutes, 56 seconds",1.1K views,6 months ago,Network Effects and Aggregator Theory Explained | Winner Take All,https://i.ytimg.com/vi/LsCLpqzoK3E/hq720.jpg?sqp=-oaymwEcCOgCEMoBSFXyq4qpAw4IARUAAIhCGAFwAcABBg==&rs=AOn4CLBVHvm7FeXMqLB8mvxIrPoRys35JQ,Network Effects (I),14.15[J] Networks
0,19,['o-R86qcQqMw']," Online 4 years ago 12 minutes, 21 seconds",47K views,4 years ago,1.1 Diffusions &amp; Diffusion Models,https://i.ytimg.com/vi/o-R86qcQqMw/hqdefault.jpg?sqp=-oaymwEcCOADEI4CSFXyq4qpAw4IARUAAIhCGAFwAcABBg==&rs=AOn4CLBHmDxV11Y0_birus5eEdw3A6E5gQ,Diffusion Models (I),14.15[J] Networks
0,19,['ZVHnSthFFUI']," 11 minutes, 16 seconds",677 views,5 months ago,8 4 Jump diffusion models,https://i.ytimg.com/vi/ZVHnSthFFUI/hq720.jpg?sqp=-oaymwEcCOgCEMoBSFXyq4qpAw4IARUAAIhCGAFwAcABBg==&rs=AOn4CLAMYbjFRazuyhzUEkoMPuJIpYQLlQ,Diffusion Models (I),14.15[J] Networks
0,19,['kxVeLlTEgtU']," 3 minutes, 37 seconds",169K views,6 years ago,Diffusion of Innovations,https://i.ytimg.com/vi/kxVeLlTEgtU/hq720.jpg?sqp=-oaymwEcCOgCEMoBSFXyq4qpAw4IARUAAIhCGAFwAcABBg==&rs=AOn4CLA6Ms929XtkWbVTPpzDectQgXqjiw,Diffusion Models (I),14.15[J] Networks
0,19,['_7snHZrT9KM']," 12 minutes, 22 seconds",8.7K views,4 years ago,Social and Economic Networks 5.2 Week 5: Bass Model,https://i.ytimg.com/vi/_7snHZrT9KM/hqdefault.jpg?sqp=-oaymwEcCOADEI4CSFXyq4qpAw4IARUAAIhCGAFwAcABBg==&rs=AOn4CLBpyTlC0cpS_U7ni2Eaz3QfWWtWVQ,Diffusion Models (I),14.15[J] Networks
0,19,['9QnfWhtujPA']," 3 minutes, 34 seconds",248K views,5 years ago,Diffusion of Innovation Theory: The Adoption Curve,https://i.ytimg.com/vi/9QnfWhtujPA/hqdefault.jpg?sqp=-oaymwEcCOADEI4CSFXyq4qpAw4IARUAAIhCGAFwAcABBg==&rs=AOn4CLCtD6bbQc7KzovUOv3lJzmfvo1e5g,Diffusion Models (I),14.15[J] Networks
0,21,['mN5SP7ppQr4']," 6 minutes, 51 seconds",41K views,4 years ago,Game Theory 101 (#63): Incomplete Information,https://i.ytimg.com/vi/mN5SP7ppQr4/hq720.jpg?sqp=-oaymwEcCOgCEMoBSFXyq4qpAw4IARUAAIhCGAFwAcABBg==&rs=AOn4CLAeX4r6gDqT_udkOinLdDInkTziDQ,Games with Incomplete Information and Introduction to Social Learning,14.15[J] Networks
0,18,['a-bs0PHyZ-0']," 9 minutes, 39 seconds",6.1K views,2 years ago,Infinitely Repeated Prisoner's Dilemma,https://i.ytimg.com/vi/a-bs0PHyZ-0/hq720.jpg?sqp=-oaymwEcCOgCEMoBSFXyq4qpAw4IARUAAIhCGAFwAcABBg==&rs=AOn4CLCC-6UEub7B-0MRZBFCVTABmbkt0A,"Repeated Games, Cooperation, and Network Applications",14.15[J] Networks
0,19,['rCDMGLDeUc4']," 11 minutes, 47 seconds",1.7K views,1 year ago,Week 4: Lecture 13.1: Bass Diffusion Model,https://i.ytimg.com/vi/rCDMGLDeUc4/hq720.jpg?sqp=-oaymwEcCOgCEMoBSFXyq4qpAw4IARUAAIhCGAFwAcABBg==&rs=AOn4CLCbf2SWIANDTenfE2hmh2X24GYLLA,Diffusion Models (I),14.15[J] Networks
0,20,['ZVHnSthFFUI']," 11 minutes, 16 seconds",677 views,5 months ago,8 4 Jump diffusion models,https://i.ytimg.com/vi/ZVHnSthFFUI/hq720.jpg?sqp=-oaymwEcCOgCEMoBSFXyq4qpAw4IARUAAIhCGAFwAcABBg==&rs=AOn4CLAMYbjFRazuyhzUEkoMPuJIpYQLlQ,Diffusion Models (II),14.15[J] Networks
0,18,['BOvAbjfJ0x0']," 9 minutes, 59 seconds",597K views,4 years ago,The Iterated Prisoner's Dilemma and The Evolution of Cooperation,https://i.ytimg.com/vi/BOvAbjfJ0x0/hq720.jpg?sqp=-oaymwEcCOgCEMoBSFXyq4qpAw4IARUAAIhCGAFwAcABBg==&rs=AOn4CLDh0kmeXx-VIFNU21zdEh_Bm6jc2g,"Repeated Games, Cooperation, and Network Applications",14.15[J] Networks
0,20,['o-R86qcQqMw']," Online 4 years ago 12 minutes, 21 seconds",47K views,4 years ago,1.1 Diffusions &amp; Diffusion Models,https://i.ytimg.com/vi/o-R86qcQqMw/hqdefault.jpg?sqp=-oaymwEcCOADEI4CSFXyq4qpAw4IARUAAIhCGAFwAcABBg==&rs=AOn4CLBHmDxV11Y0_birus5eEdw3A6E5gQ,Diffusion Models (II),14.15[J] Networks
0,22,['5z1Ka5aL09U']," 4 minutes, 31 seconds",41K views,1 year ago,Social Learning Theory,https://i.ytimg.com/vi/5z1Ka5aL09U/hq720.jpg?sqp=-oaymwEcCOgCEMoBSFXyq4qpAw4IARUAAIhCGAFwAcABBg==&rs=AOn4CLAA8gA7rkLn5T9Pe1mIvR4XPlKfgw,Social Learning,14.15[J] Networks
0,19,['fXhEIFT4tQ4'], 20 minutes,8.7K views,7 years ago,Advanced Option Trading: Jump Diffusion Models of Stock Price Behavior,https://i.ytimg.com/vi/fXhEIFT4tQ4/hqdefault.jpg?sqp=-oaymwEcCOADEI4CSFXyq4qpAw4IARUAAIhCGAFwAcABBg==&rs=AOn4CLCZgfBqlE8kZEP5Rj0B5IKf7iwXtg,Diffusion Models (I),14.15[J] Networks
0,18,['vex8HiuPek4']," 4 minutes, 22 seconds",3.4K views,2 years ago,Game Theory: Solving Expected Payoffs from Infinitely Repeated Games,https://i.ytimg.com/vi/vex8HiuPek4/hq720.jpg?sqp=-oaymwEcCOgCEMoBSFXyq4qpAw4IARUAAIhCGAFwAcABBg==&rs=AOn4CLCL1oPKacxWzM-weCdZ62uGp8LSLQ,"Repeated Games, Cooperation, and Network Applications",14.15[J] Networks
0,20,['9QnfWhtujPA']," 3 minutes, 34 seconds",248K views,5 years ago,Diffusion of Innovation Theory: The Adoption Curve,https://i.ytimg.com/vi/9QnfWhtujPA/hqdefault.jpg?sqp=-oaymwEcCOADEI4CSFXyq4qpAw4IARUAAIhCGAFwAcABBg==&rs=AOn4CLCtD6bbQc7KzovUOv3lJzmfvo1e5g,Diffusion Models (II),14.15[J] Networks
0,19,['VIVeKZzGQvQ']," 8 minutes, 13 seconds",26K views,4 years ago,An Introduction to Roger's Diffusion and Adoption Theory: 1 of 2,https://i.ytimg.com/vi/VIVeKZzGQvQ/hqdefault.jpg?sqp=-oaymwEcCOADEI4CSFXyq4qpAw4IARUAAIhCGAFwAcABBg==&rs=AOn4CLAWWbFblrujBGyZn9wnbuOJOBgy7w,Diffusion Models (I),14.15[J] Networks
0,23,['PfaDPct1Ns8']," 12 minutes, 22 seconds",1K views,4 years ago,Social and Economic Networks 4.1 Week 4: Strategic Network Formation,https://i.ytimg.com/vi/PfaDPct1Ns8/hqdefault.jpg?sqp=-oaymwEcCOADEI4CSFXyq4qpAw4IARUAAIhCGAFwAcABBg==&rs=AOn4CLDgRuUlMNmXhMGUvL4dE7e7Rox5ng,Strategic Network Formation,14.15[J] Networks
0,18,['CO3-796fGv8']," 11 minutes, 17 seconds",43K views,4 years ago,Game Theory 101 (#54): Repeated Prisoner's Dilemma (Finite),https://i.ytimg.com/vi/CO3-796fGv8/hq720.jpg?sqp=-oaymwEcCOgCEMoBSFXyq4qpAw4IARUAAIhCGAFwAcABBg==&rs=AOn4CLDqrFgrNe-F9QFCUAkDUoWmJNr6VQ,"Repeated Games, Cooperation, and Network Applications",14.15[J] Networks
0,21,['oBYiGTUZvJI']," 13 minutes, 17 seconds",53K views,7 years ago,GTO-4-10: Incomplete Information in the Extensive Form: Beyond Subgame Perfection,https://i.ytimg.com/vi/oBYiGTUZvJI/hq720.jpg?sqp=-oaymwEcCOgCEMoBSFXyq4qpAw4IARUAAIhCGAFwAcABBg==&rs=AOn4CLAlNJ1aoWoPwVzOEUv1PSs6Xmnq0w,Games with Incomplete Information and Introduction to Social Learning,14.15[J] Networks
0,20,['fXhEIFT4tQ4'], 20 minutes,8.7K views,7 years ago,Advanced Option Trading: Jump Diffusion Models of Stock Price Behavior,https://i.ytimg.com/vi/fXhEIFT4tQ4/hqdefault.jpg?sqp=-oaymwEcCOADEI4CSFXyq4qpAw4IARUAAIhCGAFwAcABBg==&rs=AOn4CLCZgfBqlE8kZEP5Rj0B5IKf7iwXtg,Diffusion Models (II),14.15[J] Networks
0,19,['6zjBmpBUdYQ']," 7 minutes, 41 seconds",50K views,1 year ago,Types of Diffusion [AP Human Geography],https://i.ytimg.com/vi/6zjBmpBUdYQ/hq720.jpg?sqp=-oaymwEcCOgCEMoBSFXyq4qpAw4IARUAAIhCGAFwAcABBg==&rs=AOn4CLCu_-2h4qeaXBMVMjM9kYRVKbvYVg,Diffusion Models (I),14.15[J] Networks
0,18,['GfvbGUmFh9k']," 6 minutes, 18 seconds",14K views,7 years ago,GTO-5-01: Repeated Games,https://i.ytimg.com/vi/GfvbGUmFh9k/hq720.jpg?sqp=-oaymwEcCOgCEMoBSFXyq4qpAw4IARUAAIhCGAFwAcABBg==&rs=AOn4CLDYQY8kxX0uGGKqFXlzuEYBYfXeMA,"Repeated Games, Cooperation, and Network Applications",14.15[J] Networks
0,23,['yEY9_HwvnqU']," 1 hour, 2 minutes",4.1K views,12 years ago,Strategic Network Formation with Structural Holes,https://i.ytimg.com/vi/yEY9_HwvnqU/hqdefault.jpg?sqp=-oaymwEcCOADEI4CSFXyq4qpAw4IARUAAIhCGAFwAcABBg==&rs=AOn4CLBKT4XNYeN-oMv-Cf-sFkT9HuNRQw,Strategic Network Formation,14.15[J] Networks
0,22,['NIlwGYY0_AA']," 4 minutes, 17 seconds",94K views,10 years ago,What is Social Learning?,https://i.ytimg.com/vi/NIlwGYY0_AA/hq720.jpg?sqp=-oaymwEcCOgCEMoBSFXyq4qpAw4IARUAAIhCGAFwAcABBg==&rs=AOn4CLAIGrtL1WXeBJx0FdVoBXaCi-CT3w,Social Learning,14.15[J] Networks
0,20,['bTXUJQhEqL0']," 7 minutes, 38 seconds",15K views,5 years ago,Network Diffusion &amp; Contagion,https://i.ytimg.com/vi/bTXUJQhEqL0/hqdefault.jpg?sqp=-oaymwEcCOADEI4CSFXyq4qpAw4IARUAAIhCGAFwAcABBg==&rs=AOn4CLCKZoNc_5No9ylf_30nOFPr-rq5aQ,Diffusion Models (II),14.15[J] Networks
0,21,['h54IhR_v20s']," 6 minutes, 6 seconds",379 views,10 months ago,Dynamic Games with Incomplete Information Part 1,https://i.ytimg.com/vi/h54IhR_v20s/hq720.jpg?sqp=-oaymwEcCOgCEMoBSFXyq4qpAw4IARUAAIhCGAFwAcABBg==&rs=AOn4CLCL8iwIxwcsf8eHTcj70PYZXqOm5g,Games with Incomplete Information and Introduction to Social Learning,14.15[J] Networks
0,19,['XZMlIK_7Y3E']," 8 minutes, 50 seconds",33 views,2 months ago,Explaining diffusion modeling in spreadsheets,https://i.ytimg.com/vi/XZMlIK_7Y3E/hq720.jpg?sqp=-oaymwEcCOgCEMoBSFXyq4qpAw4IARUAAIhCGAFwAcABBg==&rs=AOn4CLBHC1RSfqXp0UllbScl-9tMgETrFA,Diffusion Models (I),14.15[J] Networks
0,18,['xZdSkOG2jW8']," 7 minutes, 11 seconds",45K views,4 years ago,Game Theory 101 (#55): Discount Factors,https://i.ytimg.com/vi/xZdSkOG2jW8/hq720.jpg?sqp=-oaymwEcCOgCEMoBSFXyq4qpAw4IARUAAIhCGAFwAcABBg==&rs=AOn4CLBajz8RjPTPv9bbzdHoKdRR5J1lbg,"Repeated Games, Cooperation, and Network Applications",14.15[J] Networks
0,22,['lqScOIrHx2A']," 3 minutes, 52 seconds",144K views,4 years ago,Social Learning Theory,https://i.ytimg.com/vi/lqScOIrHx2A/hqdefault.jpg?sqp=-oaymwEcCOADEI4CSFXyq4qpAw4IARUAAIhCGAFwAcABBg==&rs=AOn4CLC6btbZxm8fvHljEPunMJStMLfOFQ,Social Learning,14.15[J] Networks
0,23,['t7BEdw5AabE']," 6 minutes, 44 seconds",160 views,1 year ago,Strategic Networking,https://i.ytimg.com/vi/t7BEdw5AabE/hq720.jpg?sqp=-oaymwEcCOgCEMoBSFXyq4qpAw4IARUAAIhCGAFwAcABBg==&rs=AOn4CLCikErUISc2l-EPGVjuowb95NzhPQ,Strategic Network Formation,14.15[J] Networks
0,20,['XZMlIK_7Y3E']," 8 minutes, 50 seconds",33 views,2 months ago,Explaining diffusion modeling in spreadsheets,https://i.ytimg.com/vi/XZMlIK_7Y3E/hq720.jpg?sqp=-oaymwEcCOgCEMoBSFXyq4qpAw4IARUAAIhCGAFwAcABBg==&rs=AOn4CLBHC1RSfqXp0UllbScl-9tMgETrFA,Diffusion Models (II),14.15[J] Networks
0,21,['3ZJFtKvLrgs'], 22 minutes,149 views,9 months ago,Introduction to Dynamic Games with incomplete information,https://i.ytimg.com/vi/3ZJFtKvLrgs/hqdefault.jpg?sqp=-oaymwEcCOADEI4CSFXyq4qpAw4IARUAAIhCGAFwAcABBg==&rs=AOn4CLCNOEBL21H1XRS-D3KbuOpHSOIGCA,Games with Incomplete Information and Introduction to Social Learning,14.15[J] Networks
0,19,['bTXUJQhEqL0']," 7 minutes, 38 seconds",15K views,5 years ago,Network Diffusion &amp; Contagion,https://i.ytimg.com/vi/bTXUJQhEqL0/hqdefault.jpg?sqp=-oaymwEcCOADEI4CSFXyq4qpAw4IARUAAIhCGAFwAcABBg==&rs=AOn4CLCKZoNc_5No9ylf_30nOFPr-rq5aQ,Diffusion Models (I),14.15[J] Networks
0,22,['NjTxQy_U3ac']," 3 minutes, 23 seconds",704K views,7 years ago,Bandura and Social Learning Theory,https://i.ytimg.com/vi/NjTxQy_U3ac/hqdefault.jpg?sqp=-oaymwEcCOADEI4CSFXyq4qpAw4IARUAAIhCGAFwAcABBg==&rs=AOn4CLCgf8yLRmVvuEHXe_uEsKZvo7zWkA,Social Learning,14.15[J] Networks
0,23,['RHlmVh4KeuI']," 2 minutes, 37 seconds",36 views,4 years ago,Group 10 : Strategic Network Formation,https://i.ytimg.com/vi/RHlmVh4KeuI/hq720.jpg?sqp=-oaymwEcCOgCEMoBSFXyq4qpAw4IARUAAIhCGAFwAcABBg==&rs=AOn4CLBXmtCi4PfpddehYgeM57c7hxYnmg,Strategic Network Formation,14.15[J] Networks
0,20,['URNN2_YPGVI']," 14 minutes, 54 seconds",1K views,2 months ago,Merton Jump Diffusion Model,https://i.ytimg.com/vi/URNN2_YPGVI/hq720.jpg?sqp=-oaymwEcCOgCEMoBSFXyq4qpAw4IARUAAIhCGAFwAcABBg==&rs=AOn4CLAq-nAi81qYAODEtx1HpH8m_QD2ZQ,Diffusion Models (II),14.15[J] Networks
0,21,['N3ChIluG-7I']," 5 minutes, 25 seconds",159 views,10 months ago,Static Games with Incomplete Information,https://i.ytimg.com/vi/N3ChIluG-7I/hq720.jpg?sqp=-oaymwEcCOgCEMoBSFXyq4qpAw4IARUAAIhCGAFwAcABBg==&rs=AOn4CLDiODwyxvRJ9ZVU25Yyg2_zmBPTKA,Games with Incomplete Information and Introduction to Social Learning,14.15[J] Networks
0,19,['_7bDWmxixBE'], 15 minutes,423 views,4 months ago,Talk: The generalized drift diffusion model enables high-throughput screening of perceptual decisio…,https://i.ytimg.com/vi/_7bDWmxixBE/hq720.jpg?sqp=-oaymwEcCOgCEMoBSFXyq4qpAw4IARUAAIhCGAFwAcABBg==&rs=AOn4CLB1dc0OumXISK_wZ1lpOCcLjf0YYA,Diffusion Models (I),14.15[J] Networks
0,22,['UZLx_l5my48']," 3 minutes, 28 seconds",35K views,6 years ago,Social Learning Theory,https://i.ytimg.com/vi/UZLx_l5my48/hq720.jpg?sqp=-oaymwEcCOgCEMoBSFXyq4qpAw4IARUAAIhCGAFwAcABBg==&rs=AOn4CLDhTjuTiZA9Q2IKhnkh6FhZ0SIfkg,Social Learning,14.15[J] Networks
0,23,['HQ6348u6o08']," 11 minutes, 5 seconds",468K views,4 years ago,The steps of the strategic planning process in under 15 minutes,https://i.ytimg.com/vi/HQ6348u6o08/hq720.jpg?sqp=-oaymwEcCOgCEMoBSFXyq4qpAw4IARUAAIhCGAFwAcABBg==&rs=AOn4CLC7UIJZdZzOMwF7cDdk9kb2vZAhcQ,Strategic Network Formation,14.15[J] Networks
0,18,['zNxVVVk5It0']," 1 hour, 15 minutes",35K views,12 years ago,21. Repeated games: cooperation vs. the end game,https://i.ytimg.com/vi/zNxVVVk5It0/hqdefault.jpg?sqp=-oaymwEcCOADEI4CSFXyq4qpAw4IARUAAIhCGAFwAcABBg==&rs=AOn4CLAduHWJyqCSodsreOBteHFHkcRDCg,"Repeated Games, Cooperation, and Network Applications",14.15[J] Networks
0,20,['kIT_kkGMBh4']," 3 minutes, 59 seconds",1K views,1 year ago,2D Transient Diffusion: Model Setup,https://i.ytimg.com/vi/kIT_kkGMBh4/hq720.jpg?sqp=-oaymwEcCOgCEMoBSFXyq4qpAw4IARUAAIhCGAFwAcABBg==&rs=AOn4CLDc1cYgCI-55ikPK2t6LWQBkcBQ2A,Diffusion Models (II),14.15[J] Networks
0,21,['_2Q3iYg1C2c']," 1 hour, 29 minutes",1.6K views,5 years ago,Larry Samuelson - Introduction to Games with Incomplete Information and Reputations,https://i.ytimg.com/vi/_2Q3iYg1C2c/hq720.jpg?sqp=-oaymwEcCOgCEMoBSFXyq4qpAw4IARUAAIhCGAFwAcABBg==&rs=AOn4CLAhsk67Dl-ZRfkwwjZ_wCUoA5UJqQ,Games with Incomplete Information and Introduction to Social Learning,14.15[J] Networks
0,22,['PsTlJyox0Kg']," 6 minutes, 4 seconds",140K views,7 years ago,Albert Bandura's Social Learning Theory: Punching Bobo.,https://i.ytimg.com/vi/PsTlJyox0Kg/hq720.jpg?sqp=-oaymwEcCOgCEMoBSFXyq4qpAw4IARUAAIhCGAFwAcABBg==&rs=AOn4CLD7UVZ991W0MW-T4Pmvi9h1MoKqFQ,Social Learning,14.15[J] Networks
0,23,['sCbnPc95TxA']," 1 hour, 33 minutes",50 views,3 years ago,ETH Lec 10. Competition and Cooperation III: Strategic Network Formation (03/05/2012),https://i.ytimg.com/vi/sCbnPc95TxA/hq720.jpg?sqp=-oaymwEcCOgCEMoBSFXyq4qpAw4IARUAAIhCGAFwAcABBg==&rs=AOn4CLA9v94JejtRHxGLOPlLQ4FX7FUbqQ,Strategic Network Formation,14.15[J] Networks
0,18,['UHgEtE76e3g']," 8 minutes, 50 seconds",296 views,4 months ago,"2. Finitely Repeated Games: History, stage game Nash equilibrium, and SPNE (Game Theory Playlist 8)",https://i.ytimg.com/vi/UHgEtE76e3g/hq720.jpg?sqp=-oaymwEcCOgCEMoBSFXyq4qpAw4IARUAAIhCGAFwAcABBg==&rs=AOn4CLBsMw-SHF30JnQLtOshGXMeC_knGQ,"Repeated Games, Cooperation, and Network Applications",14.15[J] Networks
0,21,['kqDbv98GKSE']," 9 minutes, 4 seconds",3.5K views,1 year ago,"Sequential Games, Part 2: SPNE with Incomplete Information",https://i.ytimg.com/vi/kqDbv98GKSE/hqdefault.jpg?sqp=-oaymwEcCOADEI4CSFXyq4qpAw4IARUAAIhCGAFwAcABBg==&rs=AOn4CLBKJHmjR2V4ONVLzWCceSyVKvWzYA,Games with Incomplete Information and Introduction to Social Learning,14.15[J] Networks
0,23,['kpcBAvEHwuo'], 12 minutes,192 views,4 years ago,Social and Economic Networks 4.11 Week 4:  Dynamic Strategic Network Formation (Optional Advanced),https://i.ytimg.com/vi/kpcBAvEHwuo/hqdefault.jpg?sqp=-oaymwEcCOADEI4CSFXyq4qpAw4IARUAAIhCGAFwAcABBg==&rs=AOn4CLD6Jpgvt0O_-iAV8MIjFA6at9YDXQ,Strategic Network Formation,14.15[J] Networks
0,18,['Fp46vdsIXSA']," 12 minutes, 35 seconds",2.7K views,7 years ago,Game Theory - Repeated Games (indefinitely repeated),https://i.ytimg.com/vi/Fp46vdsIXSA/hqdefault.jpg?sqp=-oaymwEcCOADEI4CSFXyq4qpAw4IARUAAIhCGAFwAcABBg==&rs=AOn4CLC_9HUbLyN14FB0ppLVcHqHNqBWXg,"Repeated Games, Cooperation, and Network Applications",14.15[J] Networks
0,20,['6zjBmpBUdYQ']," 7 minutes, 41 seconds",50K views,1 year ago,Types of Diffusion [AP Human Geography],https://i.ytimg.com/vi/6zjBmpBUdYQ/hq720.jpg?sqp=-oaymwEcCOgCEMoBSFXyq4qpAw4IARUAAIhCGAFwAcABBg==&rs=AOn4CLCu_-2h4qeaXBMVMjM9kYRVKbvYVg,Diffusion Models (II),14.15[J] Networks
0,21,['dLWtcWPi84s']," 10 minutes, 55 seconds",58K views,7 years ago,"GTO-4-08: Imperfect Information Extensive Form: Definition, Strategies",https://i.ytimg.com/vi/dLWtcWPi84s/hq720.jpg?sqp=-oaymwEcCOgCEMoBSFXyq4qpAw4IARUAAIhCGAFwAcABBg==&rs=AOn4CLDZhzSY7A-CCQT6ZOoq2cOltilsbA,Games with Incomplete Information and Introduction to Social Learning,14.15[J] Networks
0,18,['f8V9UHwSlx0'], 16 minutes,7.7K views,6 years ago,Repeated Games - Part I:  The Finitely Repeated Prisoner's Dilemma,https://i.ytimg.com/vi/f8V9UHwSlx0/hq720.jpg?sqp=-oaymwEcCOgCEMoBSFXyq4qpAw4IARUAAIhCGAFwAcABBg==&rs=AOn4CLAWyCDtyACGEZiBpFJfKHMGVWQoLA,"Repeated Games, Cooperation, and Network Applications",14.15[J] Networks
0,22,['AB-_822TRms']," 1 minute, 20 seconds",1.6K views,3 years ago,What is social learning?,https://i.ytimg.com/vi/AB-_822TRms/hq720.jpg?sqp=-oaymwEcCOgCEMoBSFXyq4qpAw4IARUAAIhCGAFwAcABBg==&rs=AOn4CLBq-0DQEVILLFYXmygCmH-kzlkk1A,Social Learning,14.15[J] Networks
0,21,['AzN-eV_Na10']," 11 minutes, 2 seconds",112K views,4 years ago,Game Theory 101 (#64): Bayesian Nash Equilibrium,https://i.ytimg.com/vi/AzN-eV_Na10/hq720.jpg?sqp=-oaymwEcCOgCEMoBSFXyq4qpAw4IARUAAIhCGAFwAcABBg==&rs=AOn4CLBMaaQaxriFQItztMOVHYKQep8BBA,Games with Incomplete Information and Introduction to Social Learning,14.15[J] Networks
0,20,['VIVeKZzGQvQ']," 8 minutes, 13 seconds",26K views,4 years ago,An Introduction to Roger's Diffusion and Adoption Theory: 1 of 2,https://i.ytimg.com/vi/VIVeKZzGQvQ/hqdefault.jpg?sqp=-oaymwEcCOADEI4CSFXyq4qpAw4IARUAAIhCGAFwAcABBg==&rs=AOn4CLAWWbFblrujBGyZn9wnbuOJOBgy7w,Diffusion Models (II),14.15[J] Networks
0,18,['Ic84zDzXFgQ']," 10 minutes, 21 seconds",10K views,7 years ago,Game Theory- Repeated Games (finitely repeated),https://i.ytimg.com/vi/Ic84zDzXFgQ/hqdefault.jpg?sqp=-oaymwEcCOADEI4CSFXyq4qpAw4IARUAAIhCGAFwAcABBg==&rs=AOn4CLCQXqQka5OAN2pRpOgSIJceFeQjAQ,"Repeated Games, Cooperation, and Network Applications",14.15[J] Networks
0,22,['objXbeVCQWg']," 2 minutes, 26 seconds",36K views,2 years ago,Masters of Social Learning,https://i.ytimg.com/vi/objXbeVCQWg/hq720.jpg?sqp=-oaymwEcCOgCEMoBSFXyq4qpAw4IARUAAIhCGAFwAcABBg==&rs=AOn4CLDxDR7W1M17i5y4pPjdhXXT1WdKEw,Social Learning,14.15[J] Networks
0,20,['zhKqzzbho8E']," 1 hour, 30 minutes",130 views,1 year ago,Diffusion Models and Peer Influence,https://i.ytimg.com/vi/zhKqzzbho8E/hq720.jpg?sqp=-oaymwEcCOgCEMoBSFXyq4qpAw4IARUAAIhCGAFwAcABBg==&rs=AOn4CLD-wdiAe_jMS2B0FfErf0E1D2yy4A,Diffusion Models (II),14.15[J] Networks
0,21,['fizw3StKOJo'], 30 minutes,998 views,4 months ago,1. Subgame Perfection for Extensive Form Games With Imperfect Information (Game Theory Playlist 7),https://i.ytimg.com/vi/fizw3StKOJo/hq720.jpg?sqp=-oaymwEcCOgCEMoBSFXyq4qpAw4IARUAAIhCGAFwAcABBg==&rs=AOn4CLDxSH2-lrhEM5ENL4cUH5q2ua44nw,Games with Incomplete Information and Introduction to Social Learning,14.15[J] Networks
0,18,['8jBouAQt9EY'], 18 minutes,67K views,4 years ago,Game Theory 101 (#58): Grim Trigger in the Repeated Prisoner's Dilemma,https://i.ytimg.com/vi/8jBouAQt9EY/hq720.jpg?sqp=-oaymwEcCOgCEMoBSFXyq4qpAw4IARUAAIhCGAFwAcABBg==&rs=AOn4CLBmYRMa4yEmXjthnHqBNh-0vXoneA,"Repeated Games, Cooperation, and Network Applications",14.15[J] Networks
0,22,['Rl0dXPNpkvY']," 3 minutes, 32 seconds",28K views,3 years ago,Study Skills – Social learning,https://i.ytimg.com/vi/Rl0dXPNpkvY/hq720.jpg?sqp=-oaymwEcCOgCEMoBSFXyq4qpAw4IARUAAIhCGAFwAcABBg==&rs=AOn4CLBrOFCe4O_1xues7SOD05fPdG01yQ,Social Learning,14.15[J] Networks
0,20,['_7snHZrT9KM']," 12 minutes, 22 seconds",8.7K views,4 years ago,Social and Economic Networks 5.2 Week 5: Bass Model,https://i.ytimg.com/vi/_7snHZrT9KM/hqdefault.jpg?sqp=-oaymwEcCOADEI4CSFXyq4qpAw4IARUAAIhCGAFwAcABBg==&rs=AOn4CLBpyTlC0cpS_U7ni2Eaz3QfWWtWVQ,Diffusion Models (II),14.15[J] Networks
0,22,['qvighN3BDmI']," 14 minutes, 56 seconds",16K views,6 years ago,Social learning - a framework,https://i.ytimg.com/vi/qvighN3BDmI/hqdefault.jpg?sqp=-oaymwEcCOADEI4CSFXyq4qpAw4IARUAAIhCGAFwAcABBg==&rs=AOn4CLAEllIHafqlhRnCJN-Vi2zJ7ujDJA,Social Learning,14.15[J] Networks
0,21,['ERuE7c-K5hI']," 9 minutes, 36 seconds",200 views,8 months ago,Game Theory 37: Static Games of Incomplete Information,https://i.ytimg.com/vi/ERuE7c-K5hI/hq720.jpg?sqp=-oaymwEcCOgCEMoBSFXyq4qpAw4IARUAAIhCGAFwAcABBg==&rs=AOn4CLDY7wSHfZDLcY1hpW8-xo_uD_VQUA,Games with Incomplete Information and Introduction to Social Learning,14.15[J] Networks
0,24,['Jv18JGOk06o'], 15 minutes,195K views,9 years ago,How to Deliver a Great Presentation: Project Management,https://i.ytimg.com/vi/Jv18JGOk06o/hq720.jpg?sqp=-oaymwEcCOgCEMoBSFXyq4qpAw4IARUAAIhCGAFwAcABBg==&rs=AOn4CLBE9kK82QUTHCmJUnqTZ0V8Ija2TQ,Project Presentations,14.15[J] Networks
0,22,['6lYsmt9qUVI']," 6 minutes, 3 seconds",15K views,1 month ago,The Bobo Doll Experiment - Albert Bandura on Social Learning,https://i.ytimg.com/vi/6lYsmt9qUVI/hq720.jpg?sqp=-oaymwEcCOgCEMoBSFXyq4qpAw4IARUAAIhCGAFwAcABBg==&rs=AOn4CLBieDdLMdngXUTLWtIr1O8RRd-ZvA,Social Learning,14.15[J] Networks
0,21,['7aGCXpCoAaY'], 20 minutes,9.9K views,4 years ago,"Game Theory 101 (#69): Cutpoint Strategies, Continuous Type Spaces, and Bayesian Nash Equilibrium",https://i.ytimg.com/vi/7aGCXpCoAaY/hq720.jpg?sqp=-oaymwEcCOgCEMoBSFXyq4qpAw4IARUAAIhCGAFwAcABBg==&rs=AOn4CLDLku2j4otzV2aOos1CRv-C2yvFtQ,Games with Incomplete Information and Introduction to Social Learning,14.15[J] Networks
0,22,['EUK4V-IB9A4']," 1 minute, 12 seconds",10K views,3 years ago,Mrs. Doubtfire- Social Learning,https://i.ytimg.com/vi/EUK4V-IB9A4/hqdefault.jpg?sqp=-oaymwEcCOADEI4CSFXyq4qpAw4IARUAAIhCGAFwAcABBg==&rs=AOn4CLB0cMe7ouiY5YnDpbgOB6ZT9pW04Q,Social Learning,14.15[J] Networks
0,24,['LrjlW00kkws']," 3 minutes, 28 seconds",2.2M views,4 years ago,How to start a presentation,https://i.ytimg.com/vi/LrjlW00kkws/hq720.jpg?sqp=-oaymwEcCOgCEMoBSFXyq4qpAw4IARUAAIhCGAFwAcABBg==&rs=AOn4CLA_aSPubF99ZHWpBDi1zF69E33lFg,Project Presentations,14.15[J] Networks
0,24,['hewgCK5oZAo']," 1 hour, 3 minutes",177K views,7 years ago,Student Project Presentations - Part 1,https://i.ytimg.com/vi/hewgCK5oZAo/hq720.jpg?sqp=-oaymwEcCOgCEMoBSFXyq4qpAw4IARUAAIhCGAFwAcABBg==&rs=AOn4CLBf7t4gZAoUxs6M-IFj6WyDskQwVA,Project Presentations,14.15[J] Networks
0,24,['MnIPpUiTcRc']," 7 minutes, 4 seconds",1.4M views,4 years ago,HOW TO Give a Great Presentation - 7 Presentation Skills and Tips to Leave an Impression,https://i.ytimg.com/vi/MnIPpUiTcRc/hq720.jpg?sqp=-oaymwEcCOgCEMoBSFXyq4qpAw4IARUAAIhCGAFwAcABBg==&rs=AOn4CLDAbWr4ObXJaPlKdwNUWIn0XOBT0w,Project Presentations,14.15[J] Networks
0,24,['obmtKP0fAE4'], 16 minutes,24K views,6 years ago,Final Presentations (Computer Engineering),https://i.ytimg.com/vi/obmtKP0fAE4/hqdefault.jpg?sqp=-oaymwEcCOADEI4CSFXyq4qpAw4IARUAAIhCGAFwAcABBg==&rs=AOn4CLAkXljqRNLfAHLDiMFTqNRBNhcBAw,Project Presentations,14.15[J] Networks
0,24,['BuB7IhWZnJs'], 16 minutes,1.2M views,1 year ago,31 Creative Presentation Ideas to Delight Your Audience,https://i.ytimg.com/vi/BuB7IhWZnJs/hq720.jpg?sqp=-oaymwEcCOgCEMoBSFXyq4qpAw4IARUAAIhCGAFwAcABBg==&rs=AOn4CLCC1Xu4vt7O3FR4x_qH3ynDX1_mZw,Project Presentations,14.15[J] Networks
0,24,['W3HZJUL9aqI']," 5 minutes, 2 seconds",72K views,4 years ago,Project Management Presentations: How to Present a Project Plan,,Project Presentations,14.15[J] Networks
0,24,['JgPtAnuOP1A']," 7 minutes, 46 seconds",15K views,1 year ago,Google Earth Projects for Custom Tours &amp; Presentations - Tutorial (New 3D Google Tour Builder),,Project Presentations,14.15[J] Networks
0,24,['dJqLDEu2peg']," 4 minutes, 21 seconds",147K views,4 years ago,How to Present a Project Proposal - Project Management Training,,Project Presentations,14.15[J] Networks
0,24,['bWfN-nczoJI']," 3 minutes, 9 seconds",4.9K views,5 years ago,Project Presentation Skills: How to Structure the Presentation — Episode 27,https://i.ytimg.com/vi/bWfN-nczoJI/hq720.jpg?sqp=-oaymwEcCOgCEMoBSFXyq4qpAw4IARUAAIhCGAFwAcABBg==&rs=AOn4CLC_mWvPy92IfBS3EpMuwneT59lecg,Project Presentations,14.15[J] Networks
0,24,['a6NFLJ082vI']," 1 hour, 14 minutes",5.5K views,7 years ago,Student Project Presentations - Part 2,https://i.ytimg.com/vi/a6NFLJ082vI/hq720.jpg?sqp=-oaymwEcCOgCEMoBSFXyq4qpAw4IARUAAIhCGAFwAcABBg==&rs=AOn4CLCOkFPPr2Z3OR6MkdNjA-j0y0FNtA,Project Presentations,14.15[J] Networks
0,24,['Nwe6NAY2V0I'], 23 minutes,54K views,4 years ago,Computer Science Senior Project Presentations Fall 2016,https://i.ytimg.com/vi/Nwe6NAY2V0I/hqdefault.jpg?sqp=-oaymwEcCOADEI4CSFXyq4qpAw4IARUAAIhCGAFwAcABBg==&rs=AOn4CLDJt6SE1yEwxvmxFrv0FbBXbNuTXg,Project Presentations,14.15[J] Networks
